2025/07/17 07:37:34 [notice] 1#1: using the "epoll" event method
2025/07/17 07:37:34 [notice] 1#1: nginx/1.29.0
2025/07/17 07:37:34 [notice] 1#1: built by gcc 14.2.0 (Alpine 14.2.0) 
2025/07/17 07:37:34 [notice] 1#1: OS: Linux 6.6.87.1-microsoft-standard-WSL2
2025/07/17 07:37:34 [notice] 1#1: getrlimit(RLIMIT_NOFILE): 1048576:1048576
2025/07/28 04:19:45 [notice] 1#1: using the "epoll" event method
2025/07/28 04:19:45 [notice] 1#1: nginx/1.29.0
2025/07/28 04:19:45 [notice] 1#1: built by gcc 14.2.0 (Alpine 14.2.0) 
2025/07/28 04:19:45 [notice] 1#1: OS: Linux 4.4.302+
2025/07/28 04:19:45 [notice] 1#1: getrlimit(RLIMIT_NOFILE): 1048576:1048576
2025/07/28 04:19:45 [notice] 1#1: start worker processes
2025/07/28 04:19:45 [notice] 1#1: start worker process 29
2025/07/28 04:19:45 [notice] 1#1: start worker process 30
2025/07/28 04:19:45 [notice] 1#1: start worker process 31
2025/07/28 04:19:45 [notice] 1#1: start worker process 32
2025/07/28 04:30:13 [notice] 1#1: signal 3 (SIGQUIT) received, shutting down
2025/07/28 04:30:13 [notice] 29#29: gracefully shutting down
2025/07/28 04:30:13 [notice] 29#29: exiting
2025/07/28 04:30:13 [notice] 29#29: exit
2025/07/28 04:30:13 [notice] 32#32: gracefully shutting down
2025/07/28 04:30:13 [notice] 32#32: exiting
2025/07/28 04:30:13 [notice] 32#32: exit
2025/07/28 04:30:13 [notice] 31#31: gracefully shutting down
2025/07/28 04:30:13 [notice] 31#31: exiting
2025/07/28 04:30:13 [notice] 31#31: exit
2025/07/28 04:30:13 [notice] 30#30: gracefully shutting down
2025/07/28 04:30:13 [notice] 30#30: exiting
2025/07/28 04:30:13 [notice] 30#30: exit
2025/07/28 04:30:13 [notice] 1#1: signal 17 (SIGCHLD) received from 32
2025/07/28 04:30:13 [notice] 1#1: worker process 29 exited with code 0
2025/07/28 04:30:13 [notice] 1#1: worker process 31 exited with code 0
2025/07/28 04:30:13 [notice] 1#1: worker process 32 exited with code 0
2025/07/28 04:30:13 [notice] 1#1: signal 29 (SIGIO) received
2025/07/28 04:30:13 [notice] 1#1: signal 17 (SIGCHLD) received from 31
2025/07/28 04:30:13 [notice] 1#1: signal 17 (SIGCHLD) received from 30
2025/07/28 04:30:13 [notice] 1#1: worker process 30 exited with code 0
2025/07/28 04:30:13 [notice] 1#1: exit
2025/07/28 04:33:03 [notice] 1#1: using the "epoll" event method
2025/07/28 04:33:03 [notice] 1#1: nginx/1.29.0
2025/07/28 04:33:03 [notice] 1#1: built by gcc 14.2.0 (Alpine 14.2.0) 
2025/07/28 04:33:03 [notice] 1#1: OS: Linux 4.4.302+
2025/07/28 04:33:03 [notice] 1#1: getrlimit(RLIMIT_NOFILE): 1048576:1048576
2025/07/28 04:33:03 [notice] 1#1: start worker processes
2025/07/28 04:33:03 [notice] 1#1: start worker process 28
2025/07/28 04:33:03 [notice] 1#1: start worker process 29
2025/07/28 04:33:03 [notice] 1#1: start worker process 30
2025/07/28 04:33:03 [notice] 1#1: start worker process 31
2025/07/28 04:41:19 [notice] 1#1: signal 3 (SIGQUIT) received, shutting down
2025/07/28 04:41:19 [notice] 29#29: gracefully shutting down
2025/07/28 04:41:19 [notice] 31#31: gracefully shutting down
2025/07/28 04:41:19 [notice] 30#30: gracefully shutting down
2025/07/28 04:41:19 [notice] 29#29: exiting
2025/07/28 04:41:19 [notice] 31#31: exiting
2025/07/28 04:41:19 [notice] 30#30: exiting
2025/07/28 04:41:19 [notice] 29#29: exit
2025/07/28 04:41:19 [notice] 31#31: exit
2025/07/28 04:41:19 [notice] 30#30: exit
2025/07/28 04:41:19 [notice] 28#28: gracefully shutting down
2025/07/28 04:41:19 [notice] 28#28: exiting
2025/07/28 04:41:19 [notice] 28#28: exit
2025/07/28 04:41:19 [notice] 1#1: signal 17 (SIGCHLD) received from 28
2025/07/28 04:41:19 [notice] 1#1: worker process 28 exited with code 0
2025/07/28 04:41:19 [notice] 1#1: signal 29 (SIGIO) received
2025/07/28 04:41:19 [notice] 1#1: signal 17 (SIGCHLD) received from 29
2025/07/28 04:41:19 [notice] 1#1: worker process 29 exited with code 0
2025/07/28 04:41:19 [notice] 1#1: signal 29 (SIGIO) received
2025/07/28 04:41:19 [notice] 1#1: signal 17 (SIGCHLD) received from 31
2025/07/28 04:41:19 [notice] 1#1: worker process 31 exited with code 0
2025/07/28 04:41:19 [notice] 1#1: signal 29 (SIGIO) received
2025/07/28 04:41:19 [notice] 1#1: signal 17 (SIGCHLD) received from 30
2025/07/28 04:41:19 [notice] 1#1: worker process 30 exited with code 0
2025/07/28 04:41:19 [notice] 1#1: exit
2025/07/28 04:41:33 [notice] 1#1: using the "epoll" event method
2025/07/28 04:41:33 [notice] 1#1: nginx/1.29.0
2025/07/28 04:41:33 [notice] 1#1: built by gcc 14.2.0 (Alpine 14.2.0) 
2025/07/28 04:41:33 [notice] 1#1: OS: Linux 4.4.302+
2025/07/28 04:41:33 [notice] 1#1: getrlimit(RLIMIT_NOFILE): 1048576:1048576
2025/07/28 04:41:33 [notice] 1#1: start worker processes
2025/07/28 04:41:33 [notice] 1#1: start worker process 28
2025/07/28 04:41:33 [notice] 1#1: start worker process 29
2025/07/28 04:41:33 [notice] 1#1: start worker process 30
2025/07/28 04:41:33 [notice] 1#1: start worker process 31
2025/07/28 04:42:32 [notice] 38#38: signal process started
2025/07/28 04:42:32 [notice] 1#1: signal 1 (SIGHUP) received from 38, reconfiguring
2025/07/28 04:42:32 [notice] 1#1: reconfiguring
2025/07/28 04:42:32 [notice] 1#1: using the "epoll" event method
2025/07/28 04:42:32 [notice] 1#1: start worker processes
2025/07/28 04:42:32 [notice] 1#1: start worker process 44
2025/07/28 04:42:32 [notice] 1#1: start worker process 45
2025/07/28 04:42:32 [notice] 1#1: start worker process 46
2025/07/28 04:42:32 [notice] 1#1: start worker process 47
2025/07/28 04:42:33 [notice] 30#30: gracefully shutting down
2025/07/28 04:42:33 [notice] 29#29: gracefully shutting down
2025/07/28 04:42:33 [notice] 28#28: gracefully shutting down
2025/07/28 04:42:33 [notice] 28#28: exiting
2025/07/28 04:42:33 [notice] 31#31: gracefully shutting down
2025/07/28 04:42:33 [notice] 31#31: exiting
2025/07/28 04:42:33 [notice] 29#29: exiting
2025/07/28 04:42:33 [notice] 28#28: exit
2025/07/28 04:42:33 [notice] 29#29: exit
2025/07/28 04:42:33 [notice] 31#31: exit
2025/07/28 04:42:33 [notice] 1#1: signal 17 (SIGCHLD) received from 29
2025/07/28 04:42:33 [notice] 1#1: worker process 29 exited with code 0
2025/07/28 04:42:33 [notice] 1#1: signal 29 (SIGIO) received
2025/07/28 04:42:33 [notice] 1#1: signal 17 (SIGCHLD) received from 28
2025/07/28 04:42:33 [notice] 1#1: worker process 28 exited with code 0
2025/07/28 04:42:33 [notice] 1#1: worker process 31 exited with code 0
2025/07/28 04:42:33 [notice] 1#1: signal 29 (SIGIO) received
2025/07/28 04:42:33 [notice] 1#1: signal 17 (SIGCHLD) received from 31
2025/07/28 04:42:36 [notice] 30#30: exiting
2025/07/28 04:42:36 [notice] 30#30: exit
2025/07/28 04:42:36 [notice] 1#1: signal 17 (SIGCHLD) received from 30
2025/07/28 04:42:36 [notice] 1#1: worker process 30 exited with code 0
2025/07/28 04:42:36 [notice] 1#1: signal 29 (SIGIO) received
2025/07/28 04:56:12 [notice] 1#1: signal 3 (SIGQUIT) received, shutting down
2025/07/28 04:56:12 [notice] 45#45: gracefully shutting down
2025/07/28 04:56:12 [notice] 46#46: gracefully shutting down
2025/07/28 04:56:12 [notice] 45#45: exiting
2025/07/28 04:56:12 [notice] 46#46: exiting
2025/07/28 04:56:12 [notice] 45#45: exit
2025/07/28 04:56:12 [notice] 46#46: exit
2025/07/28 04:56:12 [notice] 47#47: gracefully shutting down
2025/07/28 04:56:12 [notice] 47#47: exiting
2025/07/28 04:56:12 [notice] 47#47: exit
2025/07/28 04:56:12 [notice] 44#44: gracefully shutting down
2025/07/28 04:56:12 [notice] 44#44: exiting
2025/07/28 04:56:12 [notice] 44#44: exit
2025/07/28 04:56:12 [notice] 1#1: signal 17 (SIGCHLD) received from 46
2025/07/28 04:56:12 [notice] 1#1: worker process 45 exited with code 0
2025/07/28 04:56:12 [notice] 1#1: worker process 46 exited with code 0
2025/07/28 04:56:12 [notice] 1#1: signal 29 (SIGIO) received
2025/07/28 04:56:12 [notice] 1#1: signal 17 (SIGCHLD) received from 44
2025/07/28 04:56:12 [notice] 1#1: worker process 44 exited with code 0
2025/07/28 04:56:12 [notice] 1#1: worker process 47 exited with code 0
2025/07/28 04:56:12 [notice] 1#1: exit
2025/07/28 05:30:35 [notice] 1#1: using the "epoll" event method
2025/07/28 05:30:35 [notice] 1#1: nginx/1.29.0
2025/07/28 05:30:35 [notice] 1#1: built by gcc 14.2.0 (Alpine 14.2.0) 
2025/07/28 05:30:35 [notice] 1#1: OS: Linux 4.4.302+
2025/07/28 05:30:35 [notice] 1#1: getrlimit(RLIMIT_NOFILE): 1048576:1048576
2025/07/28 05:30:35 [notice] 1#1: start worker processes
2025/07/28 05:30:35 [notice] 1#1: start worker process 29
2025/07/28 05:30:35 [notice] 1#1: start worker process 30
2025/07/28 05:30:35 [notice] 1#1: start worker process 31
2025/07/28 05:30:35 [notice] 1#1: start worker process 32
2025/07/28 05:34:37 [error] 30#30: *12 directory index of "/usr/share/nginx/html/" is forbidden, client: 127.0.0.1, server: localhost, request: "GET / HTTP/1.1", host: "localhost"
2025/07/28 05:35:08 [error] 30#30: *13 directory index of "/usr/share/nginx/html/" is forbidden, client: 127.0.0.1, server: localhost, request: "GET / HTTP/1.1", host: "localhost"
2025/07/28 05:35:38 [error] 32#32: *14 directory index of "/usr/share/nginx/html/" is forbidden, client: 127.0.0.1, server: localhost, request: "GET / HTTP/1.1", host: "localhost"
2025/07/28 05:36:06 [notice] 1#1: signal 3 (SIGQUIT) received, shutting down
2025/07/28 05:36:06 [notice] 30#30: gracefully shutting down
2025/07/28 05:36:06 [notice] 32#32: gracefully shutting down
2025/07/28 05:36:06 [notice] 30#30: exiting
2025/07/28 05:36:06 [notice] 32#32: exiting
2025/07/28 05:36:06 [notice] 30#30: exit
2025/07/28 05:36:06 [notice] 32#32: exit
2025/07/28 05:36:06 [notice] 31#31: gracefully shutting down
2025/07/28 05:36:06 [notice] 31#31: exiting
2025/07/28 05:36:06 [notice] 31#31: exit
2025/07/28 05:36:06 [notice] 29#29: gracefully shutting down
2025/07/28 05:36:06 [notice] 29#29: exiting
2025/07/28 05:36:06 [notice] 29#29: exit
2025/07/28 05:36:06 [notice] 1#1: signal 17 (SIGCHLD) received from 31
2025/07/28 05:36:06 [notice] 1#1: worker process 31 exited with code 0
2025/07/28 05:36:06 [notice] 1#1: worker process 29 exited with code 0
2025/07/28 05:36:06 [notice] 1#1: worker process 30 exited with code 0
2025/07/28 05:36:06 [notice] 1#1: signal 29 (SIGIO) received
2025/07/28 05:36:06 [notice] 1#1: signal 17 (SIGCHLD) received from 29
2025/07/28 05:36:06 [notice] 1#1: signal 17 (SIGCHLD) received from 32
2025/07/28 05:36:06 [notice] 1#1: worker process 32 exited with code 0
2025/07/28 05:36:06 [notice] 1#1: exit
2025/07/28 05:37:55 [notice] 1#1: using the "epoll" event method
2025/07/28 05:37:55 [notice] 1#1: nginx/1.29.0
2025/07/28 05:37:55 [notice] 1#1: built by gcc 14.2.0 (Alpine 14.2.0) 
2025/07/28 05:37:55 [notice] 1#1: OS: Linux 4.4.302+
2025/07/28 05:37:55 [notice] 1#1: getrlimit(RLIMIT_NOFILE): 1048576:1048576
2025/07/28 05:37:55 [notice] 1#1: start worker processes
2025/07/28 05:37:55 [notice] 1#1: start worker process 29
2025/07/28 05:37:55 [notice] 1#1: start worker process 30
2025/07/28 05:37:55 [notice] 1#1: start worker process 31
2025/07/28 05:37:55 [notice] 1#1: start worker process 32
2025/07/28 06:06:23 [notice] 1#1: signal 3 (SIGQUIT) received, shutting down
2025/07/28 06:06:23 [notice] 30#30: gracefully shutting down
2025/07/28 06:06:23 [notice] 32#32: gracefully shutting down
2025/07/28 06:06:23 [notice] 31#31: gracefully shutting down
2025/07/28 06:06:23 [notice] 30#30: exiting
2025/07/28 06:06:23 [notice] 32#32: exiting
2025/07/28 06:06:23 [notice] 31#31: exiting
2025/07/28 06:06:23 [notice] 29#29: gracefully shutting down
2025/07/28 06:06:23 [notice] 29#29: exiting
2025/07/28 06:06:23 [notice] 32#32: exit
2025/07/28 06:06:23 [notice] 31#31: exit
2025/07/28 06:06:23 [notice] 29#29: exit
2025/07/28 06:06:23 [notice] 30#30: exit
2025/07/28 06:06:23 [notice] 1#1: signal 17 (SIGCHLD) received from 31
2025/07/28 06:06:23 [notice] 1#1: worker process 31 exited with code 0
2025/07/28 06:06:23 [notice] 1#1: worker process 32 exited with code 0
2025/07/28 06:06:23 [notice] 1#1: signal 29 (SIGIO) received
2025/07/28 06:06:23 [notice] 1#1: signal 17 (SIGCHLD) received from 32
2025/07/28 06:06:23 [notice] 1#1: signal 17 (SIGCHLD) received from 30
2025/07/28 06:06:23 [notice] 1#1: worker process 30 exited with code 0
2025/07/28 06:06:23 [notice] 1#1: signal 17 (SIGCHLD) received from 29
2025/07/28 06:06:23 [notice] 1#1: worker process 29 exited with code 0
2025/07/28 06:06:23 [notice] 1#1: exit
2025/07/28 06:09:40 [notice] 1#1: using the "epoll" event method
2025/07/28 06:09:40 [notice] 1#1: nginx/1.29.0
2025/07/28 06:09:40 [notice] 1#1: built by gcc 14.2.0 (Alpine 14.2.0) 
2025/07/28 06:09:40 [notice] 1#1: OS: Linux 4.4.302+
2025/07/28 06:09:40 [notice] 1#1: getrlimit(RLIMIT_NOFILE): 1048576:1048576
2025/07/28 06:09:40 [notice] 1#1: start worker processes
2025/07/28 06:09:40 [notice] 1#1: start worker process 29
2025/07/28 06:09:40 [notice] 1#1: start worker process 30
2025/07/28 06:09:40 [notice] 1#1: start worker process 31
2025/07/28 06:09:40 [notice] 1#1: start worker process 32
2025/07/28 06:14:59 [notice] 1#1: signal 3 (SIGQUIT) received, shutting down
2025/07/28 06:14:59 [notice] 29#29: gracefully shutting down
2025/07/28 06:14:59 [notice] 32#32: gracefully shutting down
2025/07/28 06:14:59 [notice] 31#31: gracefully shutting down
2025/07/28 06:14:59 [notice] 29#29: exiting
2025/07/28 06:14:59 [notice] 32#32: exiting
2025/07/28 06:14:59 [notice] 31#31: exiting
2025/07/28 06:14:59 [notice] 30#30: gracefully shutting down
2025/07/28 06:14:59 [notice] 30#30: exiting
2025/07/28 06:14:59 [notice] 29#29: exit
2025/07/28 06:14:59 [notice] 31#31: exit
2025/07/28 06:14:59 [notice] 30#30: exit
2025/07/28 06:14:59 [notice] 32#32: exit
2025/07/28 06:14:59 [notice] 1#1: signal 17 (SIGCHLD) received from 30
2025/07/28 06:14:59 [notice] 1#1: worker process 30 exited with code 0
2025/07/28 06:14:59 [notice] 1#1: worker process 31 exited with code 0
2025/07/28 06:14:59 [notice] 1#1: signal 29 (SIGIO) received
2025/07/28 06:14:59 [notice] 1#1: signal 17 (SIGCHLD) received from 31
2025/07/28 06:14:59 [notice] 1#1: signal 17 (SIGCHLD) received from 32
2025/07/28 06:14:59 [notice] 1#1: worker process 32 exited with code 0
2025/07/28 06:14:59 [notice] 1#1: signal 17 (SIGCHLD) received from 29
2025/07/28 06:14:59 [notice] 1#1: worker process 29 exited with code 0
2025/07/28 06:14:59 [notice] 1#1: exit
2025/07/28 06:32:28 [notice] 1#1: using the "epoll" event method
2025/07/28 06:32:28 [notice] 1#1: nginx/1.29.0
2025/07/28 06:32:28 [notice] 1#1: built by gcc 14.2.0 (Alpine 14.2.0) 
2025/07/28 06:32:28 [notice] 1#1: OS: Linux 4.4.302+
2025/07/28 06:32:28 [notice] 1#1: getrlimit(RLIMIT_NOFILE): 1048576:1048576
2025/07/28 06:32:28 [notice] 1#1: start worker processes
2025/07/28 06:32:28 [notice] 1#1: start worker process 29
2025/07/28 06:32:28 [notice] 1#1: start worker process 30
2025/07/28 06:32:28 [notice] 1#1: start worker process 31
2025/07/28 06:32:28 [notice] 1#1: start worker process 32
2025/07/28 06:36:17 [notice] 1#1: signal 3 (SIGQUIT) received, shutting down
2025/07/28 06:36:17 [notice] 29#29: gracefully shutting down
2025/07/28 06:36:17 [notice] 29#29: exiting
2025/07/28 06:36:17 [notice] 29#29: exit
2025/07/28 06:36:17 [notice] 30#30: gracefully shutting down
2025/07/28 06:36:17 [notice] 31#31: gracefully shutting down
2025/07/28 06:36:17 [notice] 30#30: exiting
2025/07/28 06:36:17 [notice] 32#32: gracefully shutting down
2025/07/28 06:36:17 [notice] 31#31: exiting
2025/07/28 06:36:17 [notice] 30#30: exit
2025/07/28 06:36:17 [notice] 32#32: exiting
2025/07/28 06:36:17 [notice] 31#31: exit
2025/07/28 06:36:17 [notice] 32#32: exit
2025/07/28 06:36:17 [notice] 1#1: signal 17 (SIGCHLD) received from 29
2025/07/28 06:36:17 [notice] 1#1: worker process 29 exited with code 0
2025/07/28 06:36:17 [notice] 1#1: signal 29 (SIGIO) received
2025/07/28 06:36:17 [notice] 1#1: signal 17 (SIGCHLD) received from 31
2025/07/28 06:36:17 [notice] 1#1: worker process 31 exited with code 0
2025/07/28 06:36:17 [notice] 1#1: worker process 32 exited with code 0
2025/07/28 06:36:17 [notice] 1#1: signal 29 (SIGIO) received
2025/07/28 06:36:17 [notice] 1#1: signal 17 (SIGCHLD) received from 30
2025/07/28 06:36:17 [notice] 1#1: worker process 30 exited with code 0
2025/07/28 06:36:17 [notice] 1#1: exit
2025/07/28 06:37:48 [notice] 1#1: using the "epoll" event method
2025/07/28 06:37:48 [notice] 1#1: nginx/1.29.0
2025/07/28 06:37:48 [notice] 1#1: built by gcc 14.2.0 (Alpine 14.2.0) 
2025/07/28 06:37:48 [notice] 1#1: OS: Linux 4.4.302+
2025/07/28 06:37:48 [notice] 1#1: getrlimit(RLIMIT_NOFILE): 1048576:1048576
2025/07/28 06:37:48 [notice] 1#1: start worker processes
2025/07/28 06:37:48 [notice] 1#1: start worker process 29
2025/07/28 06:37:48 [notice] 1#1: start worker process 30
2025/07/28 06:37:48 [notice] 1#1: start worker process 31
2025/07/28 06:37:48 [notice] 1#1: start worker process 32
2025/07/28 06:38:03 [notice] 1#1: signal 3 (SIGQUIT) received, shutting down
2025/07/28 06:38:03 [notice] 29#29: gracefully shutting down
2025/07/28 06:38:03 [notice] 30#30: gracefully shutting down
2025/07/28 06:38:03 [notice] 29#29: exiting
2025/07/28 06:38:03 [notice] 31#31: gracefully shutting down
2025/07/28 06:38:03 [notice] 31#31: exiting
2025/07/28 06:38:03 [notice] 29#29: exit
2025/07/28 06:38:03 [notice] 31#31: exit
2025/07/28 06:38:03 [notice] 32#32: gracefully shutting down
2025/07/28 06:38:03 [notice] 32#32: exiting
2025/07/28 06:38:03 [notice] 32#32: exit
2025/07/28 06:38:03 [notice] 1#1: signal 17 (SIGCHLD) received from 32
2025/07/28 06:38:03 [notice] 1#1: worker process 32 exited with code 0
2025/07/28 06:38:03 [notice] 1#1: signal 29 (SIGIO) received
2025/07/28 06:38:03 [notice] 1#1: signal 17 (SIGCHLD) received from 29
2025/07/28 06:38:03 [notice] 1#1: worker process 29 exited with code 0
2025/07/28 06:38:03 [notice] 1#1: worker process 31 exited with code 0
2025/07/28 06:38:03 [notice] 1#1: signal 29 (SIGIO) received
2025/07/28 06:49:58 [notice] 1#1: using the "epoll" event method
2025/07/28 06:49:58 [notice] 1#1: nginx/1.29.0
2025/07/28 06:49:58 [notice] 1#1: built by gcc 14.2.0 (Alpine 14.2.0) 
2025/07/28 06:49:58 [notice] 1#1: OS: Linux 4.4.302+
2025/07/28 06:49:58 [notice] 1#1: getrlimit(RLIMIT_NOFILE): 1048576:1048576
2025/07/28 06:49:58 [notice] 1#1: start worker processes
2025/07/28 06:49:58 [notice] 1#1: start worker process 30
2025/07/28 06:49:58 [notice] 1#1: start worker process 31
2025/07/28 06:49:58 [notice] 1#1: start worker process 32
2025/07/28 06:49:58 [notice] 1#1: start worker process 33
2025/07/28 06:50:20 [notice] 1#1: signal 3 (SIGQUIT) received, shutting down
2025/07/28 06:50:20 [notice] 31#31: gracefully shutting down
2025/07/28 06:50:20 [notice] 32#32: gracefully shutting down
2025/07/28 06:50:20 [notice] 30#30: gracefully shutting down
2025/07/28 06:50:20 [notice] 30#30: exiting
2025/07/28 06:50:20 [notice] 32#32: exiting
2025/07/28 06:50:20 [notice] 33#33: gracefully shutting down
2025/07/28 06:50:20 [notice] 33#33: exiting
2025/07/28 06:50:20 [notice] 32#32: exit
2025/07/28 06:50:20 [notice] 33#33: exit
2025/07/28 06:50:20 [notice] 30#30: exit
2025/07/28 06:50:20 [notice] 1#1: signal 17 (SIGCHLD) received from 30
2025/07/28 06:50:20 [notice] 1#1: worker process 30 exited with code 0
2025/07/28 06:50:20 [notice] 1#1: worker process 32 exited with code 0
2025/07/28 06:50:20 [notice] 1#1: worker process 33 exited with code 0
2025/07/28 06:50:20 [notice] 1#1: signal 29 (SIGIO) received
2025/07/28 06:52:37 [notice] 1#1: using the "epoll" event method
2025/07/28 06:52:37 [notice] 1#1: nginx/1.29.0
2025/07/28 06:52:37 [notice] 1#1: built by gcc 14.2.0 (Alpine 14.2.0) 
2025/07/28 06:52:37 [notice] 1#1: OS: Linux 4.4.302+
2025/07/28 06:52:37 [notice] 1#1: getrlimit(RLIMIT_NOFILE): 1048576:1048576
2025/07/28 06:52:37 [notice] 1#1: start worker processes
2025/07/28 06:52:37 [notice] 1#1: start worker process 29
2025/07/28 06:52:37 [notice] 1#1: start worker process 30
2025/07/28 06:52:37 [notice] 1#1: start worker process 31
2025/07/28 06:52:37 [notice] 1#1: start worker process 32
2025/07/28 06:54:54 [notice] 1#1: signal 3 (SIGQUIT) received, shutting down
2025/07/28 06:54:54 [notice] 29#29: gracefully shutting down
2025/07/28 06:54:54 [notice] 31#31: gracefully shutting down
2025/07/28 06:54:54 [notice] 32#32: gracefully shutting down
2025/07/28 06:54:54 [notice] 29#29: exiting
2025/07/28 06:54:54 [notice] 31#31: exiting
2025/07/28 06:54:54 [notice] 32#32: exiting
2025/07/28 06:54:54 [notice] 30#30: gracefully shutting down
2025/07/28 06:54:54 [notice] 30#30: exiting
2025/07/28 06:54:54 [notice] 29#29: exit
2025/07/28 06:54:54 [notice] 32#32: exit
2025/07/28 06:54:54 [notice] 30#30: exit
2025/07/28 06:54:54 [notice] 31#31: exit
2025/07/28 06:54:54 [notice] 1#1: signal 17 (SIGCHLD) received from 29
2025/07/28 06:54:54 [notice] 1#1: worker process 29 exited with code 0
2025/07/28 06:54:54 [notice] 1#1: worker process 32 exited with code 0
2025/07/28 06:54:54 [notice] 1#1: worker process 31 exited with code 0
2025/07/28 06:54:54 [notice] 1#1: signal 29 (SIGIO) received
2025/07/28 06:54:54 [notice] 1#1: signal 17 (SIGCHLD) received from 32
2025/07/28 06:54:54 [notice] 1#1: signal 17 (SIGCHLD) received from 30
2025/07/28 06:54:54 [notice] 1#1: worker process 30 exited with code 0
2025/07/28 06:54:54 [notice] 1#1: exit
2025/07/28 07:13:25 [notice] 1#1: using the "epoll" event method
2025/07/28 07:13:25 [notice] 1#1: nginx/1.29.0
2025/07/28 07:13:25 [notice] 1#1: built by gcc 14.2.0 (Alpine 14.2.0) 
2025/07/28 07:13:25 [notice] 1#1: OS: Linux 4.4.302+
2025/07/28 07:13:25 [notice] 1#1: getrlimit(RLIMIT_NOFILE): 1048576:1048576
2025/07/28 07:13:25 [notice] 1#1: start worker processes
2025/07/28 07:13:25 [notice] 1#1: start worker process 29
2025/07/28 07:13:25 [notice] 1#1: start worker process 30
2025/07/28 07:13:25 [notice] 1#1: start worker process 31
2025/07/28 07:13:25 [notice] 1#1: start worker process 32
2025/07/28 07:15:59 [notice] 1#1: signal 3 (SIGQUIT) received, shutting down
2025/07/28 07:15:59 [notice] 30#30: gracefully shutting down
2025/07/28 07:15:59 [notice] 32#32: gracefully shutting down
2025/07/28 07:15:59 [notice] 32#32: exiting
2025/07/28 07:15:59 [notice] 30#30: exiting
2025/07/28 07:15:59 [notice] 29#29: gracefully shutting down
2025/07/28 07:15:59 [notice] 29#29: exiting
2025/07/28 07:15:59 [notice] 29#29: exit
2025/07/28 07:15:59 [notice] 30#30: exit
2025/07/28 07:15:59 [notice] 32#32: exit
2025/07/28 07:15:59 [notice] 31#31: gracefully shutting down
2025/07/28 07:15:59 [notice] 31#31: exiting
2025/07/28 07:15:59 [notice] 31#31: exit
2025/07/28 07:15:59 [notice] 1#1: signal 17 (SIGCHLD) received from 30
2025/07/28 07:15:59 [notice] 1#1: worker process 30 exited with code 0
2025/07/28 07:15:59 [notice] 1#1: signal 29 (SIGIO) received
2025/07/28 07:15:59 [notice] 1#1: signal 17 (SIGCHLD) received from 29
2025/07/28 07:15:59 [notice] 1#1: worker process 29 exited with code 0
2025/07/28 07:15:59 [notice] 1#1: signal 29 (SIGIO) received
2025/07/28 07:15:59 [notice] 1#1: signal 17 (SIGCHLD) received from 31
2025/07/28 07:15:59 [notice] 1#1: worker process 31 exited with code 0
2025/07/28 07:15:59 [notice] 1#1: worker process 32 exited with code 0
2025/07/28 07:15:59 [notice] 1#1: exit
2025/07/28 07:19:34 [notice] 1#1: using the "epoll" event method
2025/07/28 07:19:34 [notice] 1#1: nginx/1.29.0
2025/07/28 07:19:34 [notice] 1#1: built by gcc 14.2.0 (Alpine 14.2.0) 
2025/07/28 07:19:34 [notice] 1#1: OS: Linux 4.4.302+
2025/07/28 07:19:34 [notice] 1#1: getrlimit(RLIMIT_NOFILE): 1048576:1048576
2025/07/28 07:19:34 [notice] 1#1: start worker processes
2025/07/28 07:19:34 [notice] 1#1: start worker process 29
2025/07/28 07:19:34 [notice] 1#1: start worker process 30
2025/07/28 07:19:34 [notice] 1#1: start worker process 31
2025/07/28 07:19:34 [notice] 1#1: start worker process 32
2025/07/28 07:21:02 [notice] 1#1: signal 3 (SIGQUIT) received, shutting down
2025/07/28 07:21:02 [notice] 30#30: gracefully shutting down
2025/07/28 07:21:02 [notice] 29#29: gracefully shutting down
2025/07/28 07:21:02 [notice] 32#32: gracefully shutting down
2025/07/28 07:21:02 [notice] 29#29: exiting
2025/07/28 07:21:02 [notice] 30#30: exiting
2025/07/28 07:21:02 [notice] 32#32: exiting
2025/07/28 07:21:02 [notice] 29#29: exit
2025/07/28 07:21:02 [notice] 30#30: exit
2025/07/28 07:21:02 [notice] 32#32: exit
2025/07/28 07:21:02 [notice] 31#31: gracefully shutting down
2025/07/28 07:21:02 [notice] 31#31: exiting
2025/07/28 07:21:02 [notice] 31#31: exit
2025/07/28 07:21:02 [notice] 1#1: signal 17 (SIGCHLD) received from 31
2025/07/28 07:21:02 [notice] 1#1: worker process 29 exited with code 0
2025/07/28 07:21:02 [notice] 1#1: worker process 31 exited with code 0
2025/07/28 07:21:02 [notice] 1#1: signal 29 (SIGIO) received
2025/07/28 07:21:02 [notice] 1#1: signal 17 (SIGCHLD) received from 29
2025/07/28 07:21:02 [notice] 1#1: signal 17 (SIGCHLD) received from 30
2025/07/28 07:21:02 [notice] 1#1: worker process 30 exited with code 0
2025/07/28 07:21:02 [notice] 1#1: worker process 32 exited with code 0
2025/07/28 07:21:02 [notice] 1#1: exit
2025/07/28 07:23:07 [notice] 1#1: using the "epoll" event method
2025/07/28 07:23:07 [notice] 1#1: nginx/1.29.0
2025/07/28 07:23:07 [notice] 1#1: built by gcc 14.2.0 (Alpine 14.2.0) 
2025/07/28 07:23:07 [notice] 1#1: OS: Linux 4.4.302+
2025/07/28 07:23:07 [notice] 1#1: getrlimit(RLIMIT_NOFILE): 1048576:1048576
2025/07/28 07:23:07 [notice] 1#1: start worker processes
2025/07/28 07:23:07 [notice] 1#1: start worker process 29
2025/07/28 07:23:07 [notice] 1#1: start worker process 30
2025/07/28 07:23:07 [notice] 1#1: start worker process 31
2025/07/28 07:23:07 [notice] 1#1: start worker process 32
2025/07/28 08:16:52 [notice] 1#1: signal 3 (SIGQUIT) received, shutting down
2025/07/28 08:16:52 [notice] 29#29: gracefully shutting down
2025/07/28 08:16:52 [notice] 32#32: gracefully shutting down
2025/07/28 08:16:52 [notice] 31#31: gracefully shutting down
2025/07/28 08:16:52 [notice] 29#29: exiting
2025/07/28 08:16:52 [notice] 32#32: exiting
2025/07/28 08:16:52 [notice] 31#31: exiting
2025/07/28 08:16:52 [notice] 30#30: gracefully shutting down
2025/07/28 08:16:52 [notice] 30#30: exiting
2025/07/28 08:16:52 [notice] 31#31: exit
2025/07/28 08:16:52 [notice] 32#32: exit
2025/07/28 08:16:52 [notice] 30#30: exit
2025/07/28 08:16:52 [notice] 29#29: exit
2025/07/28 08:16:52 [notice] 1#1: signal 17 (SIGCHLD) received from 32
2025/07/28 08:16:52 [notice] 1#1: worker process 30 exited with code 0
2025/07/28 08:16:52 [notice] 1#1: worker process 32 exited with code 0
2025/07/28 08:16:52 [notice] 1#1: signal 29 (SIGIO) received
2025/07/28 08:16:52 [notice] 1#1: signal 17 (SIGCHLD) received from 29
2025/07/28 08:16:52 [notice] 1#1: worker process 29 exited with code 0
2025/07/28 08:16:52 [notice] 1#1: worker process 31 exited with code 0
2025/07/28 08:16:52 [notice] 1#1: exit
2025/07/28 08:18:42 [notice] 1#1: using the "epoll" event method
2025/07/28 08:18:42 [notice] 1#1: nginx/1.29.0
2025/07/28 08:18:42 [notice] 1#1: built by gcc 14.2.0 (Alpine 14.2.0) 
2025/07/28 08:18:42 [notice] 1#1: OS: Linux 4.4.302+
2025/07/28 08:18:42 [notice] 1#1: getrlimit(RLIMIT_NOFILE): 1048576:1048576
2025/07/28 08:18:42 [notice] 1#1: start worker processes
2025/07/28 08:18:42 [notice] 1#1: start worker process 29
2025/07/28 08:18:42 [notice] 1#1: start worker process 30
2025/07/28 08:18:42 [notice] 1#1: start worker process 31
2025/07/28 08:18:42 [notice] 1#1: start worker process 32
2025/08/01 01:15:46 [notice] 1#1: signal 3 (SIGQUIT) received, shutting down
2025/08/01 01:15:46 [notice] 29#29: gracefully shutting down
2025/08/01 01:15:46 [notice] 31#31: gracefully shutting down
2025/08/01 01:15:46 [notice] 30#30: gracefully shutting down
2025/08/01 01:15:46 [notice] 31#31: exiting
2025/08/01 01:15:46 [notice] 29#29: exiting
2025/08/01 01:15:46 [notice] 30#30: exiting
2025/08/01 01:15:46 [notice] 31#31: exit
2025/08/01 01:15:46 [notice] 29#29: exit
2025/08/01 01:15:46 [notice] 30#30: exit
2025/08/01 01:15:46 [notice] 32#32: gracefully shutting down
2025/08/01 01:15:46 [notice] 32#32: exiting
2025/08/01 01:15:46 [notice] 32#32: exit
2025/08/01 01:15:46 [notice] 1#1: signal 17 (SIGCHLD) received from 30
2025/08/01 01:15:46 [notice] 1#1: worker process 30 exited with code 0
2025/08/01 01:15:46 [notice] 1#1: worker process 31 exited with code 0
2025/08/01 01:15:46 [notice] 1#1: signal 29 (SIGIO) received
2025/08/01 01:15:46 [notice] 1#1: signal 17 (SIGCHLD) received from 32
2025/08/01 01:15:46 [notice] 1#1: worker process 32 exited with code 0
2025/08/01 01:15:46 [notice] 1#1: signal 29 (SIGIO) received
2025/08/01 01:15:46 [notice] 1#1: signal 17 (SIGCHLD) received from 29
2025/08/01 01:15:46 [notice] 1#1: worker process 29 exited with code 0
2025/08/01 01:15:46 [notice] 1#1: exit
2025/08/01 01:17:28 [notice] 1#1: using the "epoll" event method
2025/08/01 01:17:28 [notice] 1#1: nginx/1.29.0
2025/08/01 01:17:28 [notice] 1#1: built by gcc 14.2.0 (Alpine 14.2.0) 
2025/08/01 01:17:28 [notice] 1#1: OS: Linux 4.4.302+
2025/08/01 01:17:28 [notice] 1#1: getrlimit(RLIMIT_NOFILE): 1048576:1048576
2025/08/01 01:17:28 [notice] 1#1: start worker processes
2025/08/01 01:17:28 [notice] 1#1: start worker process 28
2025/08/01 01:17:28 [notice] 1#1: start worker process 29
2025/08/01 01:17:28 [notice] 1#1: start worker process 30
2025/08/01 01:17:28 [notice] 1#1: start worker process 31
2025/08/01 01:22:44 [notice] 1#1: signal 3 (SIGQUIT) received, shutting down
2025/08/01 01:22:44 [notice] 30#30: gracefully shutting down
2025/08/01 01:22:44 [notice] 28#28: gracefully shutting down
2025/08/01 01:22:44 [notice] 29#29: gracefully shutting down
2025/08/01 01:22:44 [notice] 31#31: gracefully shutting down
2025/08/01 01:22:44 [notice] 30#30: exiting
2025/08/01 01:22:44 [notice] 28#28: exiting
2025/08/01 01:22:44 [notice] 29#29: exiting
2025/08/01 01:22:44 [notice] 31#31: exiting
2025/08/01 01:22:44 [notice] 28#28: exit
2025/08/01 01:22:44 [notice] 31#31: exit
2025/08/01 01:22:44 [notice] 30#30: exit
2025/08/01 01:22:44 [notice] 29#29: exit
2025/08/01 01:22:44 [notice] 1#1: signal 17 (SIGCHLD) received from 28
2025/08/01 01:22:44 [notice] 1#1: worker process 28 exited with code 0
2025/08/01 01:22:44 [notice] 1#1: worker process 29 exited with code 0
2025/08/01 01:22:44 [notice] 1#1: worker process 31 exited with code 0
2025/08/01 01:22:44 [notice] 1#1: signal 29 (SIGIO) received
2025/08/01 01:22:44 [notice] 1#1: signal 17 (SIGCHLD) received from 29
2025/08/01 01:22:44 [notice] 1#1: signal 17 (SIGCHLD) received from 30
2025/08/01 01:22:44 [notice] 1#1: worker process 30 exited with code 0
2025/08/01 01:22:44 [notice] 1#1: exit
2025/08/01 01:37:39 [notice] 1#1: using the "epoll" event method
2025/08/01 01:37:39 [notice] 1#1: nginx/1.29.0
2025/08/01 01:37:39 [notice] 1#1: built by gcc 14.2.0 (Alpine 14.2.0) 
2025/08/01 01:37:39 [notice] 1#1: OS: Linux 4.4.302+
2025/08/01 01:37:39 [notice] 1#1: getrlimit(RLIMIT_NOFILE): 1048576:1048576
2025/08/01 01:37:39 [notice] 1#1: start worker processes
2025/08/01 01:37:39 [notice] 1#1: start worker process 28
2025/08/01 01:37:39 [notice] 1#1: start worker process 29
2025/08/01 01:37:39 [notice] 1#1: start worker process 30
2025/08/01 01:37:39 [notice] 1#1: start worker process 31
2025/08/01 01:38:57 [notice] 1#1: signal 3 (SIGQUIT) received, shutting down
2025/08/01 01:38:57 [notice] 28#28: gracefully shutting down
2025/08/01 01:38:57 [notice] 31#31: gracefully shutting down
2025/08/01 01:38:57 [notice] 28#28: exiting
2025/08/01 01:38:57 [notice] 31#31: exiting
2025/08/01 01:38:57 [notice] 28#28: exit
2025/08/01 01:38:57 [notice] 31#31: exit
2025/08/01 01:38:57 [notice] 30#30: gracefully shutting down
2025/08/01 01:38:57 [notice] 30#30: exiting
2025/08/01 01:38:57 [notice] 30#30: exit
2025/08/01 01:38:57 [notice] 29#29: gracefully shutting down
2025/08/01 01:38:57 [notice] 29#29: exiting
2025/08/01 01:38:57 [notice] 29#29: exit
2025/08/01 01:38:57 [notice] 1#1: signal 17 (SIGCHLD) received from 31
2025/08/01 01:38:57 [notice] 1#1: worker process 31 exited with code 0
2025/08/01 01:38:57 [notice] 1#1: signal 29 (SIGIO) received
2025/08/01 01:38:57 [notice] 1#1: signal 17 (SIGCHLD) received from 30
2025/08/01 01:38:57 [notice] 1#1: worker process 28 exited with code 0
2025/08/01 01:38:57 [notice] 1#1: worker process 30 exited with code 0
2025/08/01 01:38:57 [notice] 1#1: signal 29 (SIGIO) received
2025/08/01 01:38:57 [notice] 1#1: signal 17 (SIGCHLD) received from 28
2025/08/01 01:38:57 [notice] 1#1: signal 17 (SIGCHLD) received from 29
2025/08/01 01:38:57 [notice] 1#1: worker process 29 exited with code 0
2025/08/01 01:38:57 [notice] 1#1: exit
2025/08/01 01:41:38 [notice] 1#1: using the "epoll" event method
2025/08/01 01:41:38 [notice] 1#1: nginx/1.29.0
2025/08/01 01:41:38 [notice] 1#1: built by gcc 14.2.0 (Alpine 14.2.0) 
2025/08/01 01:41:38 [notice] 1#1: OS: Linux 4.4.302+
2025/08/01 01:41:38 [notice] 1#1: getrlimit(RLIMIT_NOFILE): 1048576:1048576
2025/08/01 01:41:38 [notice] 1#1: start worker processes
2025/08/01 01:41:38 [notice] 1#1: start worker process 29
2025/08/01 01:41:38 [notice] 1#1: start worker process 30
2025/08/01 01:41:38 [notice] 1#1: start worker process 31
2025/08/01 01:41:38 [notice] 1#1: start worker process 32
2025/08/01 01:44:56 [notice] 1#1: signal 3 (SIGQUIT) received, shutting down
2025/08/01 01:44:56 [notice] 30#30: gracefully shutting down
2025/08/01 01:44:56 [notice] 29#29: gracefully shutting down
2025/08/01 01:44:56 [notice] 31#31: gracefully shutting down
2025/08/01 01:44:56 [notice] 30#30: exiting
2025/08/01 01:44:56 [notice] 29#29: exiting
2025/08/01 01:44:56 [notice] 31#31: exiting
2025/08/01 01:44:56 [notice] 32#32: gracefully shutting down
2025/08/01 01:44:56 [notice] 32#32: exiting
2025/08/01 01:44:56 [notice] 30#30: exit
2025/08/01 01:44:56 [notice] 31#31: exit
2025/08/01 01:44:56 [notice] 32#32: exit
2025/08/01 01:44:56 [notice] 29#29: exit
2025/08/01 01:44:56 [notice] 1#1: signal 17 (SIGCHLD) received from 31
2025/08/01 01:44:56 [notice] 1#1: worker process 31 exited with code 0
2025/08/01 01:44:56 [notice] 1#1: worker process 32 exited with code 0
2025/08/01 01:44:56 [notice] 1#1: signal 29 (SIGIO) received
2025/08/01 01:44:56 [notice] 1#1: signal 17 (SIGCHLD) received from 29
2025/08/01 01:44:56 [notice] 1#1: worker process 29 exited with code 0
2025/08/01 01:44:56 [notice] 1#1: signal 17 (SIGCHLD) received from 30
2025/08/01 01:44:56 [notice] 1#1: worker process 30 exited with code 0
2025/08/01 01:44:56 [notice] 1#1: exit
2025/08/01 01:47:44 [notice] 1#1: using the "epoll" event method
2025/08/01 01:47:44 [notice] 1#1: nginx/1.29.0
2025/08/01 01:47:44 [notice] 1#1: built by gcc 14.2.0 (Alpine 14.2.0) 
2025/08/01 01:47:44 [notice] 1#1: OS: Linux 4.4.302+
2025/08/01 01:47:44 [notice] 1#1: getrlimit(RLIMIT_NOFILE): 1048576:1048576
2025/08/01 01:47:44 [notice] 1#1: start worker processes
2025/08/01 01:47:44 [notice] 1#1: start worker process 30
2025/08/01 01:47:44 [notice] 1#1: start worker process 31
2025/08/01 01:47:44 [notice] 1#1: start worker process 32
2025/08/01 01:47:44 [notice] 1#1: start worker process 33
2025/08/01 01:48:05 [notice] 1#1: signal 3 (SIGQUIT) received, shutting down
2025/08/01 01:48:05 [notice] 30#30: gracefully shutting down
2025/08/01 01:48:05 [notice] 31#31: gracefully shutting down
2025/08/01 01:48:05 [notice] 30#30: exiting
2025/08/01 01:48:05 [notice] 31#31: exiting
2025/08/01 01:48:05 [notice] 30#30: exit
2025/08/01 01:48:05 [notice] 33#33: gracefully shutting down
2025/08/01 01:48:05 [notice] 31#31: exit
2025/08/01 01:48:05 [notice] 33#33: exiting
2025/08/01 01:48:05 [notice] 33#33: exit
2025/08/01 01:48:05 [notice] 32#32: gracefully shutting down
2025/08/01 01:48:05 [notice] 1#1: signal 17 (SIGCHLD) received from 33
2025/08/01 01:48:05 [notice] 1#1: worker process 33 exited with code 0
2025/08/01 01:48:05 [notice] 1#1: signal 29 (SIGIO) received
2025/08/01 01:48:05 [notice] 1#1: signal 17 (SIGCHLD) received from 30
2025/08/01 01:48:05 [notice] 1#1: worker process 30 exited with code 0
2025/08/01 01:48:05 [notice] 1#1: worker process 31 exited with code 0
2025/08/01 01:48:05 [notice] 1#1: signal 29 (SIGIO) received
2025/08/01 01:48:05 [notice] 1#1: signal 17 (SIGCHLD) received from 31
2025/08/01 01:52:52 [notice] 1#1: using the "epoll" event method
2025/08/01 01:52:52 [notice] 1#1: nginx/1.29.0
2025/08/01 01:52:52 [notice] 1#1: built by gcc 14.2.0 (Alpine 14.2.0) 
2025/08/01 01:52:52 [notice] 1#1: OS: Linux 4.4.302+
2025/08/01 01:52:52 [notice] 1#1: getrlimit(RLIMIT_NOFILE): 1048576:1048576
2025/08/01 01:52:52 [notice] 1#1: start worker processes
2025/08/01 01:52:52 [notice] 1#1: start worker process 30
2025/08/01 01:52:52 [notice] 1#1: start worker process 31
2025/08/01 01:52:52 [notice] 1#1: start worker process 32
2025/08/01 01:52:52 [notice] 1#1: start worker process 33
2025/08/01 01:57:08 [notice] 1#1: signal 3 (SIGQUIT) received, shutting down
2025/08/01 01:57:08 [notice] 30#30: gracefully shutting down
2025/08/01 01:57:08 [notice] 32#32: gracefully shutting down
2025/08/01 01:57:08 [notice] 33#33: gracefully shutting down
2025/08/01 01:57:08 [notice] 30#30: exiting
2025/08/01 01:57:08 [notice] 32#32: exiting
2025/08/01 01:57:08 [notice] 33#33: exiting
2025/08/01 01:57:08 [notice] 30#30: exit
2025/08/01 01:57:08 [notice] 33#33: exit
2025/08/01 01:57:08 [notice] 32#32: exit
2025/08/01 01:57:08 [notice] 31#31: gracefully shutting down
2025/08/01 01:57:08 [notice] 31#31: exiting
2025/08/01 01:57:08 [notice] 31#31: exit
2025/08/01 01:57:08 [notice] 1#1: signal 17 (SIGCHLD) received from 31
2025/08/01 01:57:08 [notice] 1#1: worker process 31 exited with code 0
2025/08/01 01:57:08 [notice] 1#1: worker process 32 exited with code 0
2025/08/01 01:57:08 [notice] 1#1: signal 29 (SIGIO) received
2025/08/01 01:57:08 [notice] 1#1: signal 17 (SIGCHLD) received from 32
2025/08/01 01:57:08 [notice] 1#1: signal 17 (SIGCHLD) received from 33
2025/08/01 01:57:08 [notice] 1#1: worker process 33 exited with code 0
2025/08/01 01:57:08 [notice] 1#1: signal 29 (SIGIO) received
2025/08/01 01:57:08 [notice] 1#1: signal 17 (SIGCHLD) received from 30
2025/08/01 01:57:08 [notice] 1#1: worker process 30 exited with code 0
2025/08/01 01:57:08 [notice] 1#1: exit
2025/08/01 02:00:08 [notice] 1#1: using the "epoll" event method
2025/08/01 02:00:08 [notice] 1#1: nginx/1.29.0
2025/08/01 02:00:08 [notice] 1#1: built by gcc 14.2.0 (Alpine 14.2.0) 
2025/08/01 02:00:08 [notice] 1#1: OS: Linux 4.4.302+
2025/08/01 02:00:08 [notice] 1#1: getrlimit(RLIMIT_NOFILE): 1048576:1048576
2025/08/01 02:00:08 [notice] 1#1: start worker processes
2025/08/01 02:00:08 [notice] 1#1: start worker process 29
2025/08/01 02:00:08 [notice] 1#1: start worker process 30
2025/08/01 02:00:08 [notice] 1#1: start worker process 31
2025/08/01 02:00:08 [notice] 1#1: start worker process 32
2025/08/01 02:05:03 [notice] 1#1: signal 3 (SIGQUIT) received, shutting down
2025/08/01 02:05:03 [notice] 29#29: gracefully shutting down
2025/08/01 02:05:03 [notice] 32#32: gracefully shutting down
2025/08/01 02:05:03 [notice] 29#29: exiting
2025/08/01 02:05:03 [notice] 32#32: exiting
2025/08/01 02:05:03 [notice] 29#29: exit
2025/08/01 02:05:03 [notice] 32#32: exit
2025/08/01 02:05:03 [notice] 31#31: gracefully shutting down
2025/08/01 02:05:03 [notice] 31#31: exiting
2025/08/01 02:05:03 [notice] 31#31: exit
2025/08/01 02:05:03 [notice] 30#30: gracefully shutting down
2025/08/01 02:05:03 [notice] 30#30: exiting
2025/08/01 02:05:03 [notice] 30#30: exit
2025/08/01 02:05:03 [notice] 1#1: signal 17 (SIGCHLD) received from 31
2025/08/01 02:05:03 [notice] 1#1: worker process 29 exited with code 0
2025/08/01 02:05:03 [notice] 1#1: worker process 31 exited with code 0
2025/08/01 02:05:03 [notice] 1#1: signal 29 (SIGIO) received
2025/08/01 02:05:03 [notice] 1#1: signal 17 (SIGCHLD) received from 30
2025/08/01 02:05:03 [notice] 1#1: worker process 30 exited with code 0
2025/08/01 02:05:03 [notice] 1#1: worker process 32 exited with code 0
2025/08/01 02:05:03 [notice] 1#1: exit
2025/08/01 02:23:52 [notice] 1#1: using the "epoll" event method
2025/08/01 02:23:52 [notice] 1#1: nginx/1.29.0
2025/08/01 02:23:52 [notice] 1#1: built by gcc 14.2.0 (Alpine 14.2.0) 
2025/08/01 02:23:52 [notice] 1#1: OS: Linux 4.4.302+
2025/08/01 02:23:52 [notice] 1#1: getrlimit(RLIMIT_NOFILE): 1048576:1048576
2025/08/01 02:23:52 [notice] 1#1: start worker processes
2025/08/01 02:23:52 [notice] 1#1: start worker process 28
2025/08/01 02:23:52 [notice] 1#1: start worker process 29
2025/08/01 02:23:52 [notice] 1#1: start worker process 30
2025/08/01 02:23:52 [notice] 1#1: start worker process 31
2025/08/01 02:29:45 [notice] 1#1: signal 3 (SIGQUIT) received, shutting down
2025/08/01 02:29:45 [notice] 29#29: gracefully shutting down
2025/08/01 02:29:45 [notice] 28#28: gracefully shutting down
2025/08/01 02:29:45 [notice] 31#31: gracefully shutting down
2025/08/01 02:29:45 [notice] 28#28: exiting
2025/08/01 02:29:45 [notice] 29#29: exiting
2025/08/01 02:29:45 [notice] 31#31: exiting
2025/08/01 02:29:45 [notice] 30#30: gracefully shutting down
2025/08/01 02:29:45 [notice] 30#30: exiting
2025/08/01 02:29:45 [notice] 29#29: exit
2025/08/01 02:29:45 [notice] 31#31: exit
2025/08/01 02:29:45 [notice] 30#30: exit
2025/08/01 02:29:45 [notice] 28#28: exit
2025/08/01 02:29:45 [notice] 1#1: signal 17 (SIGCHLD) received from 31
2025/08/01 02:29:45 [notice] 1#1: worker process 28 exited with code 0
2025/08/01 02:29:45 [notice] 1#1: worker process 29 exited with code 0
2025/08/01 02:29:45 [notice] 1#1: worker process 30 exited with code 0
2025/08/01 02:29:45 [notice] 1#1: worker process 31 exited with code 0
2025/08/01 02:29:45 [notice] 1#1: exit
2025/08/01 02:40:38 [notice] 1#1: using the "epoll" event method
2025/08/01 02:40:38 [notice] 1#1: nginx/1.29.0
2025/08/01 02:40:38 [notice] 1#1: built by gcc 14.2.0 (Alpine 14.2.0) 
2025/08/01 02:40:38 [notice] 1#1: OS: Linux 4.4.302+
2025/08/01 02:40:38 [notice] 1#1: getrlimit(RLIMIT_NOFILE): 1048576:1048576
2025/08/01 02:40:38 [notice] 1#1: start worker processes
2025/08/01 02:40:38 [notice] 1#1: start worker process 29
2025/08/01 02:40:38 [notice] 1#1: start worker process 30
2025/08/01 02:40:38 [notice] 1#1: start worker process 31
2025/08/01 02:40:38 [notice] 1#1: start worker process 32
2025/08/01 02:46:46 [notice] 1#1: signal 3 (SIGQUIT) received, shutting down
2025/08/01 02:46:46 [notice] 29#29: gracefully shutting down
2025/08/01 02:46:46 [notice] 30#30: gracefully shutting down
2025/08/01 02:46:46 [notice] 29#29: exiting
2025/08/01 02:46:46 [notice] 30#30: exiting
2025/08/01 02:46:46 [notice] 32#32: gracefully shutting down
2025/08/01 02:46:46 [notice] 32#32: exiting
2025/08/01 02:46:46 [notice] 30#30: exit
2025/08/01 02:46:46 [notice] 32#32: exit
2025/08/01 02:46:46 [notice] 31#31: gracefully shutting down
2025/08/01 02:46:46 [notice] 31#31: exiting
2025/08/01 02:46:46 [notice] 31#31: exit
2025/08/01 02:46:46 [notice] 29#29: exit
2025/08/01 02:46:46 [notice] 1#1: signal 17 (SIGCHLD) received from 30
2025/08/01 02:46:46 [notice] 1#1: worker process 29 exited with code 0
2025/08/01 02:46:46 [notice] 1#1: worker process 30 exited with code 0
2025/08/01 02:46:46 [notice] 1#1: worker process 31 exited with code 0
2025/08/01 02:46:46 [notice] 1#1: signal 29 (SIGIO) received
2025/08/01 02:46:46 [notice] 1#1: signal 17 (SIGCHLD) received from 29
2025/08/01 02:46:46 [notice] 1#1: signal 17 (SIGCHLD) received from 32
2025/08/01 02:46:46 [notice] 1#1: worker process 32 exited with code 0
2025/08/01 02:46:46 [notice] 1#1: exit
2025/08/01 02:58:10 [notice] 1#1: using the "epoll" event method
2025/08/01 02:58:10 [notice] 1#1: nginx/1.29.0
2025/08/01 02:58:10 [notice] 1#1: built by gcc 14.2.0 (Alpine 14.2.0) 
2025/08/01 02:58:10 [notice] 1#1: OS: Linux 4.4.302+
2025/08/01 02:58:10 [notice] 1#1: getrlimit(RLIMIT_NOFILE): 1048576:1048576
2025/08/01 02:58:10 [notice] 1#1: start worker processes
2025/08/01 02:58:10 [notice] 1#1: start worker process 30
2025/08/01 02:58:10 [notice] 1#1: start worker process 31
2025/08/01 02:58:10 [notice] 1#1: start worker process 32
2025/08/01 02:58:10 [notice] 1#1: start worker process 33
2025/08/01 22:14:27 [notice] 1#1: signal 3 (SIGQUIT) received, shutting down
2025/08/01 22:14:27 [notice] 30#30: gracefully shutting down
2025/08/01 22:14:27 [notice] 33#33: gracefully shutting down
2025/08/01 22:14:27 [notice] 30#30: exiting
2025/08/01 22:14:27 [notice] 33#33: exiting
2025/08/01 22:14:27 [notice] 32#32: gracefully shutting down
2025/08/01 22:14:27 [notice] 32#32: exiting
2025/08/01 22:14:27 [notice] 30#30: exit
2025/08/01 22:14:27 [notice] 32#32: exit
2025/08/01 22:14:27 [notice] 33#33: exit
2025/08/01 22:14:27 [notice] 31#31: gracefully shutting down
2025/08/01 22:14:27 [notice] 31#31: exiting
2025/08/01 22:14:27 [notice] 31#31: exit
2025/08/01 22:14:27 [notice] 1#1: signal 17 (SIGCHLD) received from 31
2025/08/01 22:14:27 [notice] 1#1: worker process 30 exited with code 0
2025/08/01 22:14:27 [notice] 1#1: worker process 31 exited with code 0
2025/08/01 22:14:27 [notice] 1#1: worker process 33 exited with code 0
2025/08/01 22:14:27 [notice] 1#1: signal 29 (SIGIO) received
2025/08/01 22:14:27 [notice] 1#1: signal 17 (SIGCHLD) received from 32
2025/08/01 22:14:27 [notice] 1#1: worker process 32 exited with code 0
2025/08/01 22:14:27 [notice] 1#1: exit
2025/08/01 22:17:56 [emerg] 1#1: host not found in upstream "inventory-api" in /etc/nginx/conf.d/default.conf:42
2025/08/01 22:18:10 [notice] 1#1: using the "epoll" event method
2025/08/01 22:18:10 [notice] 1#1: nginx/1.29.0
2025/08/01 22:18:10 [notice] 1#1: built by gcc 14.2.0 (Alpine 14.2.0) 
2025/08/01 22:18:10 [notice] 1#1: OS: Linux 4.4.302+
2025/08/01 22:18:10 [notice] 1#1: getrlimit(RLIMIT_NOFILE): 1048576:1048576
2025/08/01 22:18:10 [notice] 1#1: start worker processes
2025/08/01 22:18:10 [notice] 1#1: start worker process 29
2025/08/01 22:18:10 [notice] 1#1: start worker process 30
2025/08/01 22:18:10 [notice] 1#1: start worker process 31
2025/08/01 22:18:10 [notice] 1#1: start worker process 32
2025/08/05 04:05:03 [notice] 1#1: signal 3 (SIGQUIT) received, shutting down
2025/08/05 04:05:03 [notice] 29#29: gracefully shutting down
2025/08/05 04:05:03 [notice] 32#32: gracefully shutting down
2025/08/05 04:05:03 [notice] 29#29: exiting
2025/08/05 04:05:03 [notice] 32#32: exiting
2025/08/05 04:05:03 [notice] 29#29: exit
2025/08/05 04:05:03 [notice] 32#32: exit
2025/08/05 04:05:03 [notice] 31#31: gracefully shutting down
2025/08/05 04:05:03 [notice] 31#31: exiting
2025/08/05 04:05:03 [notice] 30#30: gracefully shutting down
2025/08/05 04:05:03 [notice] 30#30: exiting
2025/08/05 04:05:03 [notice] 30#30: exit
2025/08/05 04:05:03 [notice] 31#31: exit
2025/08/05 04:05:03 [notice] 1#1: signal 17 (SIGCHLD) received from 30
2025/08/05 04:05:03 [notice] 1#1: worker process 30 exited with code 0
2025/08/05 04:05:03 [notice] 1#1: signal 29 (SIGIO) received
2025/08/05 04:05:03 [notice] 1#1: signal 17 (SIGCHLD) received from 32
2025/08/05 04:05:03 [notice] 1#1: worker process 31 exited with code 0
2025/08/05 04:05:03 [notice] 1#1: worker process 32 exited with code 0
2025/08/05 04:05:03 [notice] 1#1: signal 29 (SIGIO) received
2025/08/05 04:05:03 [notice] 1#1: signal 17 (SIGCHLD) received from 31
2025/08/05 04:05:03 [notice] 1#1: signal 17 (SIGCHLD) received from 29
2025/08/05 04:05:03 [notice] 1#1: worker process 29 exited with code 0
2025/08/05 04:05:03 [notice] 1#1: exit
2025/08/05 04:24:27 [notice] 1#1: using the "epoll" event method
2025/08/05 04:24:27 [notice] 1#1: nginx/1.29.0
2025/08/05 04:24:27 [notice] 1#1: built by gcc 14.2.0 (Alpine 14.2.0) 
2025/08/05 04:24:27 [notice] 1#1: OS: Linux 4.4.302+
2025/08/05 04:24:27 [notice] 1#1: getrlimit(RLIMIT_NOFILE): 1048576:1048576
2025/08/05 04:24:27 [notice] 1#1: start worker processes
2025/08/05 04:24:27 [notice] 1#1: start worker process 29
2025/08/05 04:24:27 [notice] 1#1: start worker process 30
2025/08/05 04:24:27 [notice] 1#1: start worker process 31
2025/08/05 04:24:27 [notice] 1#1: start worker process 32
2025/08/06 01:17:08 [notice] 1#1: signal 3 (SIGQUIT) received, shutting down
2025/08/06 01:17:08 [notice] 29#29: gracefully shutting down
2025/08/06 01:17:08 [notice] 31#31: gracefully shutting down
2025/08/06 01:17:08 [notice] 29#29: exiting
2025/08/06 01:17:08 [notice] 31#31: exiting
2025/08/06 01:17:08 [notice] 30#30: gracefully shutting down
2025/08/06 01:17:08 [notice] 30#30: exiting
2025/08/06 01:17:08 [notice] 29#29: exit
2025/08/06 01:17:08 [notice] 30#30: exit
2025/08/06 01:17:08 [notice] 32#32: gracefully shutting down
2025/08/06 01:17:08 [notice] 32#32: exiting
2025/08/06 01:17:08 [notice] 32#32: exit
2025/08/06 01:17:08 [notice] 31#31: exit
2025/08/06 01:17:09 [notice] 1#1: signal 17 (SIGCHLD) received from 32
2025/08/06 01:17:09 [notice] 1#1: worker process 32 exited with code 0
2025/08/06 01:17:09 [notice] 1#1: signal 29 (SIGIO) received
2025/08/06 01:17:09 [notice] 1#1: signal 17 (SIGCHLD) received from 29
2025/08/06 01:17:09 [notice] 1#1: worker process 29 exited with code 0
2025/08/06 01:17:09 [notice] 1#1: signal 29 (SIGIO) received
2025/08/06 01:17:09 [notice] 1#1: signal 17 (SIGCHLD) received from 30
2025/08/06 01:17:09 [notice] 1#1: worker process 30 exited with code 0
2025/08/06 01:17:09 [notice] 1#1: worker process 31 exited with code 0
2025/08/06 01:17:09 [notice] 1#1: exit
2025/08/06 01:29:41 [notice] 1#1: using the "epoll" event method
2025/08/06 01:29:41 [notice] 1#1: nginx/1.29.0
2025/08/06 01:29:41 [notice] 1#1: built by gcc 14.2.0 (Alpine 14.2.0) 
2025/08/06 01:29:41 [notice] 1#1: OS: Linux 4.4.302+
2025/08/06 01:29:41 [notice] 1#1: getrlimit(RLIMIT_NOFILE): 1048576:1048576
2025/08/06 01:29:41 [notice] 1#1: start worker processes
2025/08/06 01:29:41 [notice] 1#1: start worker process 29
2025/08/06 01:29:41 [notice] 1#1: start worker process 30
2025/08/06 01:29:41 [notice] 1#1: start worker process 31
2025/08/06 01:29:41 [notice] 1#1: start worker process 32
2025/08/11 00:59:00 [notice] 1#1: signal 3 (SIGQUIT) received, shutting down
2025/08/11 00:59:00 [notice] 29#29: gracefully shutting down
2025/08/11 00:59:00 [notice] 31#31: gracefully shutting down
2025/08/11 00:59:00 [notice] 32#32: gracefully shutting down
2025/08/11 00:59:00 [notice] 30#30: gracefully shutting down
2025/08/11 00:59:00 [notice] 32#32: exiting
2025/08/11 00:59:00 [notice] 31#31: exiting
2025/08/11 00:59:00 [notice] 29#29: exiting
2025/08/11 00:59:00 [notice] 30#30: exiting
2025/08/11 00:59:00 [notice] 31#31: exit
2025/08/11 00:59:00 [notice] 29#29: exit
2025/08/11 00:59:00 [notice] 30#30: exit
2025/08/11 00:59:00 [notice] 32#32: exit
2025/08/11 00:59:00 [notice] 1#1: signal 17 (SIGCHLD) received from 31
2025/08/11 00:59:00 [notice] 1#1: worker process 29 exited with code 0
2025/08/11 00:59:00 [notice] 1#1: worker process 31 exited with code 0
2025/08/11 00:59:00 [notice] 1#1: signal 29 (SIGIO) received
2025/08/11 00:59:00 [notice] 1#1: signal 17 (SIGCHLD) received from 29
2025/08/11 00:59:00 [notice] 1#1: signal 17 (SIGCHLD) received from 32
2025/08/11 00:59:00 [notice] 1#1: worker process 32 exited with code 0
2025/08/11 00:59:00 [notice] 1#1: signal 17 (SIGCHLD) received from 30
2025/08/11 00:59:00 [notice] 1#1: worker process 30 exited with code 0
2025/08/11 00:59:00 [notice] 1#1: exit
2025/08/11 01:11:50 [notice] 1#1: using the "epoll" event method
2025/08/11 01:11:50 [notice] 1#1: nginx/1.29.0
2025/08/11 01:11:50 [notice] 1#1: built by gcc 14.2.0 (Alpine 14.2.0) 
2025/08/11 01:11:50 [notice] 1#1: OS: Linux 4.4.302+
2025/08/11 01:11:50 [notice] 1#1: getrlimit(RLIMIT_NOFILE): 1048576:1048576
2025/08/11 01:11:50 [notice] 1#1: start worker processes
2025/08/11 01:11:50 [notice] 1#1: start worker process 29
2025/08/11 01:11:50 [notice] 1#1: start worker process 30
2025/08/11 01:11:50 [notice] 1#1: start worker process 31
2025/08/11 01:11:50 [notice] 1#1: start worker process 32
2025/08/22 02:48:44 [notice] 1#1: signal 3 (SIGQUIT) received, shutting down
2025/08/22 02:48:44 [notice] 29#29: gracefully shutting down
2025/08/22 02:48:44 [notice] 31#31: gracefully shutting down
2025/08/22 02:48:44 [notice] 30#30: gracefully shutting down
2025/08/22 02:48:44 [notice] 31#31: exiting
2025/08/22 02:48:44 [notice] 29#29: exiting
2025/08/22 02:48:44 [notice] 30#30: exiting
2025/08/22 02:48:44 [notice] 32#32: gracefully shutting down
2025/08/22 02:48:44 [notice] 32#32: exiting
2025/08/22 02:48:44 [notice] 29#29: exit
2025/08/22 02:48:44 [notice] 30#30: exit
2025/08/22 02:48:44 [notice] 32#32: exit
2025/08/22 02:48:44 [notice] 31#31: exit
2025/08/22 02:48:44 [notice] 1#1: signal 17 (SIGCHLD) received from 32
2025/08/22 02:48:44 [notice] 1#1: worker process 32 exited with code 0
2025/08/22 02:48:44 [notice] 1#1: signal 29 (SIGIO) received
2025/08/22 02:48:44 [notice] 1#1: signal 17 (SIGCHLD) received from 30
2025/08/22 02:48:44 [notice] 1#1: worker process 30 exited with code 0
2025/08/22 02:48:44 [notice] 1#1: signal 29 (SIGIO) received
2025/08/22 02:48:44 [notice] 1#1: signal 17 (SIGCHLD) received from 29
2025/08/22 02:48:44 [notice] 1#1: worker process 29 exited with code 0
2025/08/22 02:48:44 [notice] 1#1: signal 29 (SIGIO) received
2025/08/22 02:48:44 [notice] 1#1: signal 17 (SIGCHLD) received from 31
2025/08/22 02:48:44 [notice] 1#1: worker process 31 exited with code 0
2025/08/22 02:48:44 [notice] 1#1: exit
2025/08/22 03:18:57 [notice] 1#1: using the "epoll" event method
2025/08/22 03:18:57 [notice] 1#1: nginx/1.29.1
2025/08/22 03:18:57 [notice] 1#1: built by gcc 14.2.0 (Alpine 14.2.0) 
2025/08/22 03:18:57 [notice] 1#1: OS: Linux 4.4.302+
2025/08/22 03:18:57 [notice] 1#1: getrlimit(RLIMIT_NOFILE): 1048576:1048576
2025/08/22 03:18:57 [notice] 1#1: start worker processes
2025/08/22 03:18:57 [notice] 1#1: start worker process 29
2025/08/22 03:18:57 [notice] 1#1: start worker process 30
2025/08/22 03:18:57 [notice] 1#1: start worker process 31
2025/08/22 03:18:57 [notice] 1#1: start worker process 32
2025/09/01 00:38:51 [notice] 1#1: signal 3 (SIGQUIT) received, shutting down
2025/09/01 00:38:51 [notice] 31#31: gracefully shutting down
2025/09/01 00:38:51 [notice] 30#30: gracefully shutting down
2025/09/01 00:38:51 [notice] 32#32: gracefully shutting down
2025/09/01 00:38:51 [notice] 31#31: exiting
2025/09/01 00:38:51 [notice] 30#30: exiting
2025/09/01 00:38:51 [notice] 32#32: exiting
2025/09/01 00:38:51 [notice] 29#29: gracefully shutting down
2025/09/01 00:38:51 [notice] 29#29: exiting
2025/09/01 00:38:51 [notice] 31#31: exit
2025/09/01 00:38:51 [notice] 32#32: exit
2025/09/01 00:38:51 [notice] 29#29: exit
2025/09/01 00:38:51 [notice] 30#30: exit
2025/09/01 00:38:51 [notice] 1#1: signal 17 (SIGCHLD) received from 32
2025/09/01 00:38:51 [notice] 1#1: worker process 32 exited with code 0
2025/09/01 00:38:51 [notice] 1#1: signal 29 (SIGIO) received
2025/09/01 00:38:51 [notice] 1#1: signal 17 (SIGCHLD) received from 29
2025/09/01 00:38:51 [notice] 1#1: worker process 29 exited with code 0
2025/09/01 00:38:51 [notice] 1#1: worker process 30 exited with code 0
2025/09/01 00:38:51 [notice] 1#1: signal 29 (SIGIO) received
2025/09/01 00:38:51 [notice] 1#1: signal 17 (SIGCHLD) received from 30
2025/09/01 00:38:51 [notice] 1#1: signal 17 (SIGCHLD) received from 31
2025/09/01 00:38:51 [notice] 1#1: worker process 31 exited with code 0
2025/09/01 00:38:51 [notice] 1#1: exit
2025/09/01 00:40:47 [notice] 1#1: using the "epoll" event method
2025/09/01 00:40:47 [notice] 1#1: nginx/1.29.1
2025/09/01 00:40:47 [notice] 1#1: built by gcc 14.2.0 (Alpine 14.2.0) 
2025/09/01 00:40:47 [notice] 1#1: OS: Linux 4.4.302+
2025/09/01 00:40:47 [notice] 1#1: getrlimit(RLIMIT_NOFILE): 1048576:1048576
2025/09/01 00:40:47 [notice] 1#1: start worker processes
2025/09/01 00:40:47 [notice] 1#1: start worker process 29
2025/09/01 00:40:47 [notice] 1#1: start worker process 30
2025/09/01 00:40:47 [notice] 1#1: start worker process 31
2025/09/01 00:40:47 [notice] 1#1: start worker process 32
2025/09/01 00:41:09 [notice] 1#1: signal 3 (SIGQUIT) received, shutting down
2025/09/01 00:41:09 [notice] 29#29: gracefully shutting down
2025/09/01 00:41:09 [notice] 30#30: gracefully shutting down
2025/09/01 00:41:09 [notice] 32#32: gracefully shutting down
2025/09/01 00:41:09 [notice] 29#29: exiting
2025/09/01 00:41:09 [notice] 30#30: exiting
2025/09/01 00:41:09 [notice] 32#32: exiting
2025/09/01 00:41:09 [notice] 29#29: exit
2025/09/01 00:41:09 [notice] 30#30: exit
2025/09/01 00:41:09 [notice] 32#32: exit
2025/09/01 00:41:09 [notice] 31#31: gracefully shutting down
2025/09/01 00:41:09 [notice] 31#31: exiting
2025/09/01 00:41:09 [notice] 31#31: exit
2025/09/01 00:41:09 [notice] 1#1: signal 17 (SIGCHLD) received from 30
2025/09/01 00:41:09 [notice] 1#1: worker process 29 exited with code 0
2025/09/01 00:41:09 [notice] 1#1: worker process 30 exited with code 0
2025/09/01 00:41:09 [notice] 1#1: worker process 31 exited with code 0
2025/09/01 00:41:09 [notice] 1#1: signal 29 (SIGIO) received
2025/09/01 00:41:09 [notice] 1#1: signal 17 (SIGCHLD) received from 29
2025/09/01 00:41:09 [notice] 1#1: signal 17 (SIGCHLD) received from 32
2025/09/01 00:41:09 [notice] 1#1: worker process 32 exited with code 0
2025/09/01 00:41:09 [notice] 1#1: exit
2025/09/01 00:46:05 [notice] 1#1: using the "epoll" event method
2025/09/01 00:46:05 [notice] 1#1: nginx/1.29.1
2025/09/01 00:46:05 [notice] 1#1: built by gcc 14.2.0 (Alpine 14.2.0) 
2025/09/01 00:46:05 [notice] 1#1: OS: Linux 4.4.302+
2025/09/01 00:46:05 [notice] 1#1: getrlimit(RLIMIT_NOFILE): 1048576:1048576
2025/09/01 00:46:05 [notice] 1#1: start worker processes
2025/09/01 00:46:05 [notice] 1#1: start worker process 28
2025/09/01 00:46:05 [notice] 1#1: start worker process 29
2025/09/01 00:46:05 [notice] 1#1: start worker process 30
2025/09/01 00:46:05 [notice] 1#1: start worker process 31
2025/09/01 00:59:52 [notice] 1#1: signal 3 (SIGQUIT) received, shutting down
2025/09/01 00:59:52 [notice] 29#29: gracefully shutting down
2025/09/01 00:59:52 [notice] 31#31: gracefully shutting down
2025/09/01 00:59:52 [notice] 28#28: gracefully shutting down
2025/09/01 00:59:52 [notice] 30#30: gracefully shutting down
2025/09/01 00:59:52 [notice] 29#29: exiting
2025/09/01 00:59:52 [notice] 31#31: exiting
2025/09/01 00:59:52 [notice] 28#28: exiting
2025/09/01 00:59:52 [notice] 30#30: exiting
2025/09/01 00:59:52 [notice] 31#31: exit
2025/09/01 00:59:52 [notice] 28#28: exit
2025/09/01 00:59:52 [notice] 29#29: exit
2025/09/01 00:59:52 [notice] 30#30: exit
2025/09/01 00:59:52 [notice] 1#1: signal 17 (SIGCHLD) received from 28
2025/09/01 00:59:52 [notice] 1#1: worker process 28 exited with code 0
2025/09/01 00:59:52 [notice] 1#1: worker process 30 exited with code 0
2025/09/01 00:59:52 [notice] 1#1: signal 29 (SIGIO) received
2025/09/01 00:59:52 [notice] 1#1: signal 17 (SIGCHLD) received from 30
2025/09/01 00:59:52 [notice] 1#1: worker process 29 exited with code 0
2025/09/01 00:59:52 [notice] 1#1: worker process 31 exited with code 0
2025/09/01 00:59:52 [notice] 1#1: exit
2025/09/01 01:03:30 [notice] 1#1: using the "epoll" event method
2025/09/01 01:03:30 [notice] 1#1: nginx/1.29.1
2025/09/01 01:03:30 [notice] 1#1: built by gcc 14.2.0 (Alpine 14.2.0) 
2025/09/01 01:03:30 [notice] 1#1: OS: Linux 4.4.302+
2025/09/01 01:03:30 [notice] 1#1: getrlimit(RLIMIT_NOFILE): 1048576:1048576
2025/09/01 01:03:30 [notice] 1#1: start worker processes
2025/09/01 01:03:30 [notice] 1#1: start worker process 30
2025/09/01 01:03:30 [notice] 1#1: start worker process 31
2025/09/01 01:03:30 [notice] 1#1: start worker process 32
2025/09/01 01:03:30 [notice] 1#1: start worker process 33
2025/09/01 01:12:53 [notice] 1#1: signal 3 (SIGQUIT) received, shutting down
2025/09/01 01:12:53 [notice] 30#30: gracefully shutting down
2025/09/01 01:12:53 [notice] 32#32: gracefully shutting down
2025/09/01 01:12:53 [notice] 33#33: gracefully shutting down
2025/09/01 01:12:53 [notice] 30#30: exiting
2025/09/01 01:12:53 [notice] 32#32: exiting
2025/09/01 01:12:53 [notice] 33#33: exiting
2025/09/01 01:12:53 [notice] 32#32: exit
2025/09/01 01:12:53 [notice] 30#30: exit
2025/09/01 01:12:53 [notice] 33#33: exit
2025/09/01 01:12:53 [notice] 31#31: gracefully shutting down
2025/09/01 01:12:53 [notice] 31#31: exiting
2025/09/01 01:12:53 [notice] 31#31: exit
2025/09/01 01:12:53 [notice] 1#1: signal 17 (SIGCHLD) received from 31
2025/09/01 01:12:53 [notice] 1#1: worker process 31 exited with code 0
2025/09/01 01:12:53 [notice] 1#1: worker process 33 exited with code 0
2025/09/01 01:12:53 [notice] 1#1: signal 29 (SIGIO) received
2025/09/01 01:12:53 [notice] 1#1: signal 17 (SIGCHLD) received from 32
2025/09/01 01:12:53 [notice] 1#1: worker process 32 exited with code 0
2025/09/01 01:12:53 [notice] 1#1: signal 29 (SIGIO) received
2025/09/01 01:12:53 [notice] 1#1: signal 17 (SIGCHLD) received from 30
2025/09/01 01:12:53 [notice] 1#1: worker process 30 exited with code 0
2025/09/01 01:12:53 [notice] 1#1: exit
2025/09/01 01:14:42 [notice] 1#1: using the "epoll" event method
2025/09/01 01:14:42 [notice] 1#1: nginx/1.29.1
2025/09/01 01:14:42 [notice] 1#1: built by gcc 14.2.0 (Alpine 14.2.0) 
2025/09/01 01:14:42 [notice] 1#1: OS: Linux 4.4.302+
2025/09/01 01:14:42 [notice] 1#1: getrlimit(RLIMIT_NOFILE): 1048576:1048576
2025/09/01 01:14:42 [notice] 1#1: start worker processes
2025/09/01 01:14:42 [notice] 1#1: start worker process 29
2025/09/01 01:14:42 [notice] 1#1: start worker process 30
2025/09/01 01:14:42 [notice] 1#1: start worker process 31
2025/09/01 01:14:42 [notice] 1#1: start worker process 32
2025/09/08 06:25:06 [notice] 1#1: signal 3 (SIGQUIT) received, shutting down
2025/09/08 06:25:06 [notice] 30#30: gracefully shutting down
2025/09/08 06:25:06 [notice] 29#29: gracefully shutting down
2025/09/08 06:25:06 [notice] 30#30: exiting
2025/09/08 06:25:06 [notice] 29#29: exiting
2025/09/08 06:25:06 [notice] 30#30: exit
2025/09/08 06:25:06 [notice] 29#29: exit
2025/09/08 06:25:06 [notice] 32#32: gracefully shutting down
2025/09/08 06:25:06 [notice] 32#32: exiting
2025/09/08 06:25:06 [notice] 32#32: exit
2025/09/08 06:25:06 [notice] 31#31: gracefully shutting down
2025/09/08 06:25:06 [notice] 31#31: exiting
2025/09/08 06:25:06 [notice] 31#31: exit
2025/09/08 06:25:06 [notice] 1#1: signal 17 (SIGCHLD) received from 31
2025/09/08 06:25:06 [notice] 1#1: worker process 31 exited with code 0
2025/09/08 06:25:06 [notice] 1#1: worker process 32 exited with code 0
2025/09/08 06:25:06 [notice] 1#1: signal 29 (SIGIO) received
2025/09/08 06:25:06 [notice] 1#1: signal 17 (SIGCHLD) received from 29
2025/09/08 06:25:06 [notice] 1#1: worker process 29 exited with code 0
2025/09/08 06:25:06 [notice] 1#1: worker process 30 exited with code 0
2025/09/08 06:25:06 [notice] 1#1: exit
2025/09/08 06:26:59 [notice] 1#1: using the "epoll" event method
2025/09/08 06:26:59 [notice] 1#1: nginx/1.29.1
2025/09/08 06:26:59 [notice] 1#1: built by gcc 14.2.0 (Alpine 14.2.0) 
2025/09/08 06:26:59 [notice] 1#1: OS: Linux 4.4.302+
2025/09/08 06:26:59 [notice] 1#1: getrlimit(RLIMIT_NOFILE): 1048576:1048576
2025/09/08 06:26:59 [notice] 1#1: start worker processes
2025/09/08 06:26:59 [notice] 1#1: start worker process 29
2025/09/08 06:26:59 [notice] 1#1: start worker process 30
2025/09/08 06:26:59 [notice] 1#1: start worker process 31
2025/09/08 06:26:59 [notice] 1#1: start worker process 32
2025/10/10 04:31:56 [notice] 1#1: signal 3 (SIGQUIT) received, shutting down
2025/10/10 04:31:56 [notice] 31#31: gracefully shutting down
2025/10/10 04:31:56 [notice] 29#29: gracefully shutting down
2025/10/10 04:31:56 [notice] 30#30: gracefully shutting down
2025/10/10 04:31:56 [notice] 31#31: exiting
2025/10/10 04:31:56 [notice] 30#30: exiting
2025/10/10 04:31:56 [notice] 29#29: exiting
2025/10/10 04:31:56 [notice] 32#32: gracefully shutting down
2025/10/10 04:31:56 [notice] 32#32: exiting
2025/10/10 04:31:56 [notice] 29#29: exit
2025/10/10 04:31:56 [notice] 32#32: exit
2025/10/10 04:31:56 [notice] 31#31: exit
2025/10/10 04:31:56 [notice] 30#30: exit
2025/10/10 04:31:56 [notice] 1#1: signal 17 (SIGCHLD) received from 30
2025/10/10 04:31:56 [notice] 1#1: worker process 30 exited with code 0
2025/10/10 04:31:56 [notice] 1#1: worker process 31 exited with code 0
2025/10/10 04:31:56 [notice] 1#1: worker process 29 exited with code 0
2025/10/10 04:31:56 [notice] 1#1: worker process 32 exited with code 0
2025/10/10 04:31:56 [notice] 1#1: exit
2025/10/10 04:36:31 [emerg] 1#1: host not found in upstream "inventory-api" in /etc/nginx/conf.d/default.conf:42
2025/10/10 04:36:51 [notice] 1#1: using the "epoll" event method
2025/10/10 04:36:51 [notice] 1#1: nginx/1.29.1
2025/10/10 04:36:51 [notice] 1#1: built by gcc 14.2.0 (Alpine 14.2.0) 
2025/10/10 04:36:51 [notice] 1#1: OS: Linux 4.4.302+
2025/10/10 04:36:51 [notice] 1#1: getrlimit(RLIMIT_NOFILE): 1048576:1048576
2025/10/10 04:36:51 [notice] 1#1: start worker processes
2025/10/10 04:36:51 [notice] 1#1: start worker process 28
2025/10/10 04:36:51 [notice] 1#1: start worker process 29
2025/10/10 04:36:51 [notice] 1#1: start worker process 30
2025/10/10 04:36:51 [notice] 1#1: start worker process 31
2025/11/21 22:10:37 [notice] 1#1: signal 3 (SIGQUIT) received, shutting down
2025/11/21 22:10:37 [notice] 30#30: gracefully shutting down
2025/11/21 22:10:37 [notice] 28#28: gracefully shutting down
2025/11/21 22:10:37 [notice] 29#29: gracefully shutting down
2025/11/21 22:10:37 [notice] 31#31: gracefully shutting down
2025/11/21 22:10:37 [notice] 30#30: exiting
2025/11/21 22:10:37 [notice] 28#28: exiting
2025/11/21 22:10:37 [notice] 29#29: exiting
2025/11/21 22:10:37 [notice] 31#31: exiting
2025/11/21 22:10:37 [notice] 31#31: exit
2025/11/21 22:10:37 [notice] 30#30: exit
2025/11/21 22:10:37 [notice] 28#28: exit
2025/11/21 22:10:37 [notice] 29#29: exit
2025/11/21 22:10:37 [notice] 1#1: signal 17 (SIGCHLD) received from 31
2025/11/21 22:10:37 [notice] 1#1: worker process 29 exited with code 0
2025/11/21 22:10:37 [notice] 1#1: worker process 31 exited with code 0
2025/11/21 22:10:37 [notice] 1#1: signal 29 (SIGIO) received
2025/11/21 22:10:37 [notice] 1#1: signal 17 (SIGCHLD) received from 28
2025/11/21 22:10:37 [notice] 1#1: worker process 28 exited with code 0
2025/11/21 22:10:37 [notice] 1#1: worker process 30 exited with code 0
2025/11/21 22:10:37 [notice] 1#1: exit
2025/11/21 22:14:44 [emerg] 1#1: host not found in upstream "inventory-api" in /etc/nginx/conf.d/default.conf:42
2025/11/21 22:15:09 [notice] 1#1: using the "epoll" event method
2025/11/21 22:15:09 [notice] 1#1: nginx/1.29.1
2025/11/21 22:15:09 [notice] 1#1: built by gcc 14.2.0 (Alpine 14.2.0) 
2025/11/21 22:15:09 [notice] 1#1: OS: Linux 4.4.302+
2025/11/21 22:15:09 [notice] 1#1: getrlimit(RLIMIT_NOFILE): 1048576:1048576
2025/11/21 22:15:09 [notice] 1#1: start worker processes
2025/11/21 22:15:09 [notice] 1#1: start worker process 29
2025/11/21 22:15:09 [notice] 1#1: start worker process 30
2025/11/21 22:15:09 [notice] 1#1: start worker process 31
2025/11/21 22:15:09 [notice] 1#1: start worker process 32
2026/01/30 22:06:34 [notice] 1#1: signal 3 (SIGQUIT) received, shutting down
2026/01/30 22:06:34 [notice] 29#29: gracefully shutting down
2026/01/30 22:06:34 [notice] 32#32: gracefully shutting down
2026/01/30 22:06:34 [notice] 31#31: gracefully shutting down
2026/01/30 22:06:34 [notice] 29#29: exiting
2026/01/30 22:06:34 [notice] 32#32: exiting
2026/01/30 22:06:34 [notice] 31#31: exiting
2026/01/30 22:06:34 [notice] 30#30: gracefully shutting down
2026/01/30 22:06:34 [notice] 32#32: exit
2026/01/30 22:06:34 [notice] 30#30: exiting
2026/01/30 22:06:34 [notice] 31#31: exit
2026/01/30 22:06:34 [notice] 30#30: exit
2026/01/30 22:06:34 [notice] 29#29: exit
2026/01/30 22:06:34 [notice] 1#1: signal 17 (SIGCHLD) received from 30
2026/01/30 22:06:34 [notice] 1#1: worker process 30 exited with code 0
2026/01/30 22:06:34 [notice] 1#1: signal 29 (SIGIO) received
2026/01/30 22:06:34 [notice] 1#1: signal 17 (SIGCHLD) received from 29
2026/01/30 22:06:34 [notice] 1#1: worker process 29 exited with code 0
2026/01/30 22:06:34 [notice] 1#1: worker process 31 exited with code 0
2026/01/30 22:06:34 [notice] 1#1: signal 29 (SIGIO) received
2026/01/30 22:06:34 [notice] 1#1: signal 17 (SIGCHLD) received from 32
2026/01/30 22:06:34 [notice] 1#1: worker process 32 exited with code 0
2026/01/30 22:06:34 [notice] 1#1: exit
2026/01/30 22:10:47 [emerg] 1#1: host not found in upstream "inventory-api" in /etc/nginx/conf.d/default.conf:42
2026/01/30 22:11:08 [notice] 1#1: using the "epoll" event method
2026/01/30 22:11:08 [notice] 1#1: nginx/1.29.1
2026/01/30 22:11:08 [notice] 1#1: built by gcc 14.2.0 (Alpine 14.2.0) 
2026/01/30 22:11:08 [notice] 1#1: OS: Linux 4.4.302+
2026/01/30 22:11:08 [notice] 1#1: getrlimit(RLIMIT_NOFILE): 1048576:1048576
2026/01/30 22:11:08 [notice] 1#1: start worker processes
2026/01/30 22:11:08 [notice] 1#1: start worker process 29
2026/01/30 22:11:08 [notice] 1#1: start worker process 30
2026/01/30 22:11:08 [notice] 1#1: start worker process 31
2026/01/30 22:11:08 [notice] 1#1: start worker process 32
2026/03/20 22:10:55 [notice] 1#1: signal 3 (SIGQUIT) received, shutting down
2026/03/20 22:10:55 [notice] 29#29: gracefully shutting down
2026/03/20 22:10:55 [notice] 30#30: gracefully shutting down
2026/03/20 22:10:55 [notice] 32#32: gracefully shutting down
2026/03/20 22:10:55 [notice] 29#29: exiting
2026/03/20 22:10:55 [notice] 30#30: exiting
2026/03/20 22:10:55 [notice] 32#32: exiting
2026/03/20 22:10:55 [notice] 31#31: gracefully shutting down
2026/03/20 22:10:55 [notice] 31#31: exiting
2026/03/20 22:10:55 [notice] 29#29: exit
2026/03/20 22:10:55 [notice] 32#32: exit
2026/03/20 22:10:55 [notice] 30#30: exit
2026/03/20 22:10:55 [notice] 31#31: exit
2026/03/20 22:10:55 [notice] 1#1: signal 17 (SIGCHLD) received from 31
2026/03/20 22:10:55 [notice] 1#1: worker process 31 exited with code 0
2026/03/20 22:10:55 [notice] 1#1: signal 29 (SIGIO) received
2026/03/20 22:10:55 [notice] 1#1: signal 17 (SIGCHLD) received from 30
2026/03/20 22:10:55 [notice] 1#1: worker process 30 exited with code 0
2026/03/20 22:10:55 [notice] 1#1: signal 29 (SIGIO) received
2026/03/20 22:10:55 [notice] 1#1: signal 17 (SIGCHLD) received from 32
2026/03/20 22:10:55 [notice] 1#1: worker process 29 exited with code 0
2026/03/20 22:10:55 [notice] 1#1: worker process 32 exited with code 0
2026/03/20 22:10:55 [notice] 1#1: exit
2026/03/20 22:15:00 [emerg] 1#1: host not found in upstream "inventory-api" in /etc/nginx/conf.d/default.conf:42
2026/03/20 22:15:22 [notice] 1#1: using the "epoll" event method
2026/03/20 22:15:22 [notice] 1#1: nginx/1.29.1
2026/03/20 22:15:22 [notice] 1#1: built by gcc 14.2.0 (Alpine 14.2.0) 
2026/03/20 22:15:22 [notice] 1#1: OS: Linux 4.4.302+
2026/03/20 22:15:22 [notice] 1#1: getrlimit(RLIMIT_NOFILE): 1048576:1048576
2026/03/20 22:15:22 [notice] 1#1: start worker processes
2026/03/20 22:15:22 [notice] 1#1: start worker process 29
2026/03/20 22:15:22 [notice] 1#1: start worker process 30
2026/03/20 22:15:22 [notice] 1#1: start worker process 31
2026/03/20 22:15:22 [notice] 1#1: start worker process 32
2026/04/19 16:40:42 [error] 31#31: *85685 open() "/usr/share/nginx/html/static/analytics.html" failed (2: No such file or directory), client: 172.20.0.1, server: localhost, request: "GET /static/analytics.html HTTP/1.1", host: "211.44.183.165:18080"
2026/04/19 16:40:43 [error] 30#30: *85686 open() "/usr/share/nginx/html/tuiliu/group.html" failed (2: No such file or directory), client: 172.20.0.1, server: localhost, request: "GET /tuiliu/group.html HTTP/1.1", host: "211.44.183.165:18080"
2026/04/19 16:40:50 [error] 31#31: *85688 open() "/usr/share/nginx/html/group.html" failed (2: No such file or directory), client: 172.20.0.1, server: localhost, request: "GET /group.html HTTP/1.1", host: "211.44.183.165:18080"
2026/04/19 16:40:51 [error] 32#32: *85689 open() "/usr/share/nginx/html/gogo/list.html" failed (2: No such file or directory), client: 172.20.0.1, server: localhost, request: "GET /gogo/list.html HTTP/1.1", host: "211.44.183.165:18080"
2026/04/19 16:40:53 [error] 31#31: *85690 open() "/usr/share/nginx/html/static/goindex/tuiliu/group.html" failed (2: No such file or directory), client: 172.20.0.1, server: localhost, request: "GET /static/goindex/tuiliu/group.html HTTP/1.1", host: "211.44.183.165:18080"
2026/04/19 16:40:54 [error] 32#32: *85691 open() "/usr/share/nginx/html/static/goindex/group.html" failed (2: No such file or directory), client: 172.20.0.1, server: localhost, request: "GET /static/goindex/group.html HTTP/1.1", host: "211.44.183.165:18080"
2026/04/19 16:40:55 [error] 31#31: *85692 open() "/usr/share/nginx/html/xmweb/group.html" failed (2: No such file or directory), client: 172.20.0.1, server: localhost, request: "GET /xmweb/group.html HTTP/1.1", host: "211.44.183.165:18080"
2026/04/19 16:40:56 [error] 32#32: *85693 open() "/usr/share/nginx/html/88k4ez/group.html" failed (2: No such file or directory), client: 172.20.0.1, server: localhost, request: "GET /88k4ez/group.html HTTP/1.1", host: "211.44.183.165:18080"
2026/05/07 04:42:21 [notice] 1#1: using the "epoll" event method
2026/05/07 04:42:21 [notice] 1#1: nginx/1.29.1
2026/05/07 04:42:21 [notice] 1#1: built by gcc 14.2.0 (Alpine 14.2.0) 
2026/05/07 04:42:21 [notice] 1#1: OS: Linux 4.4.302+
2026/05/07 04:42:21 [notice] 1#1: getrlimit(RLIMIT_NOFILE): 1048576:1048576
2026/05/07 04:42:21 [notice] 1#1: start worker processes
2026/05/07 04:42:21 [notice] 1#1: start worker process 29
2026/05/07 04:42:21 [notice] 1#1: start worker process 30
2026/05/07 04:42:21 [notice] 1#1: start worker process 31
2026/05/07 04:42:21 [notice] 1#1: start worker process 32
2026/05/07 05:57:46 [notice] 1#1: signal 3 (SIGQUIT) received, shutting down
2026/05/07 05:57:46 [notice] 31#31: gracefully shutting down
2026/05/07 05:57:46 [notice] 31#31: exiting
2026/05/07 05:57:46 [notice] 31#31: exit
2026/05/07 05:57:46 [notice] 30#30: gracefully shutting down
2026/05/07 05:57:46 [notice] 30#30: exiting
2026/05/07 05:57:46 [notice] 30#30: exit
2026/05/07 05:57:46 [notice] 29#29: gracefully shutting down
2026/05/07 05:57:46 [notice] 29#29: exiting
2026/05/07 05:57:46 [notice] 29#29: exit
2026/05/07 05:57:46 [notice] 32#32: gracefully shutting down
2026/05/07 05:57:46 [notice] 32#32: exiting
2026/05/07 05:57:46 [notice] 32#32: exit
2026/05/07 05:57:46 [notice] 1#1: signal 17 (SIGCHLD) received from 31
2026/05/07 05:57:46 [notice] 1#1: worker process 31 exited with code 0
2026/05/07 05:57:46 [notice] 1#1: signal 29 (SIGIO) received
2026/05/07 05:57:46 [notice] 1#1: signal 17 (SIGCHLD) received from 29
2026/05/07 05:57:46 [notice] 1#1: worker process 29 exited with code 0
2026/05/07 05:57:46 [notice] 1#1: worker process 30 exited with code 0
2026/05/07 05:57:46 [notice] 1#1: signal 29 (SIGIO) received
2026/05/07 05:57:46 [notice] 1#1: signal 17 (SIGCHLD) received from 32
2026/05/07 05:57:46 [notice] 1#1: worker process 32 exited with code 0
2026/05/07 05:57:46 [notice] 1#1: exit
2026/05/07 05:57:56 [emerg] 1#1: host not found in upstream "inventory-api" in /etc/nginx/conf.d/default.conf:42
2026/05/07 05:58:08 [notice] 1#1: using the "epoll" event method
2026/05/07 05:58:08 [notice] 1#1: nginx/1.29.1
2026/05/07 05:58:08 [notice] 1#1: built by gcc 14.2.0 (Alpine 14.2.0) 
2026/05/07 05:58:08 [notice] 1#1: OS: Linux 4.4.302+
2026/05/07 05:58:08 [notice] 1#1: getrlimit(RLIMIT_NOFILE): 1048576:1048576
2026/05/07 05:58:08 [notice] 1#1: start worker processes
2026/05/07 05:58:08 [notice] 1#1: start worker process 29
2026/05/07 05:58:08 [notice] 1#1: start worker process 30
2026/05/07 05:58:08 [notice] 1#1: start worker process 31
2026/05/07 05:58:08 [notice] 1#1: start worker process 32
2026/05/07 06:29:44 [notice] 1#1: signal 3 (SIGQUIT) received, shutting down
2026/05/07 06:29:44 [notice] 31#31: gracefully shutting down
2026/05/07 06:29:44 [notice] 32#32: gracefully shutting down
2026/05/07 06:29:44 [notice] 31#31: exiting
2026/05/07 06:29:44 [notice] 32#32: exiting
2026/05/07 06:29:44 [notice] 31#31: exit
2026/05/07 06:29:44 [notice] 30#30: gracefully shutting down
2026/05/07 06:29:44 [notice] 30#30: exiting
2026/05/07 06:29:44 [notice] 30#30: exit
2026/05/07 06:29:44 [notice] 29#29: gracefully shutting down
2026/05/07 06:29:44 [notice] 29#29: exiting
2026/05/07 06:29:44 [notice] 29#29: exit
2026/05/07 06:29:44 [notice] 32#32: exit
2026/05/07 06:29:44 [notice] 1#1: signal 17 (SIGCHLD) received from 29
2026/05/07 06:29:44 [notice] 1#1: worker process 29 exited with code 0
2026/05/07 06:29:44 [notice] 1#1: signal 29 (SIGIO) received
2026/05/07 06:29:44 [notice] 1#1: signal 17 (SIGCHLD) received from 30
2026/05/07 06:29:44 [notice] 1#1: worker process 30 exited with code 0
2026/05/07 06:29:44 [notice] 1#1: worker process 31 exited with code 0
2026/05/07 06:29:44 [notice] 1#1: worker process 32 exited with code 0
2026/05/07 06:29:44 [notice] 1#1: exit
2026/05/07 06:30:32 [notice] 1#1: using the "epoll" event method
2026/05/07 06:30:32 [notice] 1#1: nginx/1.29.1
2026/05/07 06:30:32 [notice] 1#1: built by gcc 14.2.0 (Alpine 14.2.0) 
2026/05/07 06:30:32 [notice] 1#1: OS: Linux 4.4.302+
2026/05/07 06:30:32 [notice] 1#1: getrlimit(RLIMIT_NOFILE): 1048576:1048576
2026/05/07 06:30:32 [notice] 1#1: start worker processes
2026/05/07 06:30:32 [notice] 1#1: start worker process 30
2026/05/07 06:30:32 [notice] 1#1: start worker process 31
2026/05/07 06:30:32 [notice] 1#1: start worker process 32
2026/05/07 06:30:32 [notice] 1#1: start worker process 33
2026/05/07 06:57:07 [notice] 1#1: signal 3 (SIGQUIT) received, shutting down
2026/05/07 06:57:07 [notice] 31#31: gracefully shutting down
2026/05/07 06:57:07 [notice] 33#33: gracefully shutting down
2026/05/07 06:57:07 [notice] 31#31: exiting
2026/05/07 06:57:07 [notice] 33#33: exiting
2026/05/07 06:57:07 [notice] 33#33: exit
2026/05/07 06:57:07 [notice] 31#31: exit
2026/05/07 06:57:07 [notice] 32#32: gracefully shutting down
2026/05/07 06:57:07 [notice] 32#32: exiting
2026/05/07 06:57:07 [notice] 32#32: exit
2026/05/07 06:57:07 [notice] 30#30: gracefully shutting down
2026/05/07 06:57:07 [notice] 30#30: exiting
2026/05/07 06:57:07 [notice] 30#30: exit
2026/05/07 06:57:07 [notice] 1#1: signal 17 (SIGCHLD) received from 32
2026/05/07 06:57:07 [notice] 1#1: worker process 31 exited with code 0
2026/05/07 06:57:07 [notice] 1#1: worker process 32 exited with code 0
2026/05/07 06:57:07 [notice] 1#1: signal 29 (SIGIO) received
2026/05/07 06:57:07 [notice] 1#1: signal 17 (SIGCHLD) received from 30
2026/05/07 06:57:07 [notice] 1#1: worker process 30 exited with code 0
2026/05/07 06:57:07 [notice] 1#1: worker process 33 exited with code 0
2026/05/07 06:57:07 [notice] 1#1: exit
2026/05/07 07:27:28 [notice] 1#1: using the "epoll" event method
2026/05/07 07:27:28 [notice] 1#1: nginx/1.29.8
2026/05/07 07:27:28 [notice] 1#1: built by gcc 15.2.0 (Alpine 15.2.0) 
2026/05/07 07:27:28 [notice] 1#1: OS: Linux 4.4.302+
2026/05/07 07:27:28 [notice] 1#1: getrlimit(RLIMIT_NOFILE): 1048576:1048576
2026/05/07 07:27:28 [notice] 1#1: start worker processes
2026/05/07 07:27:28 [notice] 1#1: start worker process 30
2026/05/07 07:27:28 [notice] 1#1: start worker process 31
2026/05/07 07:27:28 [notice] 1#1: start worker process 32
2026/05/07 07:27:28 [notice] 1#1: start worker process 33
2026/05/07 07:43:16 [notice] 1#1: signal 3 (SIGQUIT) received, shutting down
2026/05/07 07:43:16 [notice] 32#32: gracefully shutting down
2026/05/07 07:43:16 [notice] 32#32: exiting
2026/05/07 07:43:16 [notice] 32#32: exit
2026/05/07 07:43:16 [notice] 33#33: gracefully shutting down
2026/05/07 07:43:16 [notice] 33#33: exiting
2026/05/07 07:43:16 [notice] 33#33: exit
2026/05/07 07:43:16 [notice] 31#31: gracefully shutting down
2026/05/07 07:43:16 [notice] 31#31: exiting
2026/05/07 07:43:16 [notice] 31#31: exit
2026/05/07 07:43:16 [notice] 30#30: gracefully shutting down
2026/05/07 07:43:16 [notice] 30#30: exiting
2026/05/07 07:43:16 [notice] 30#30: exit
2026/05/07 07:43:16 [notice] 1#1: signal 17 (SIGCHLD) received from 33
2026/05/07 07:43:16 [notice] 1#1: worker process 33 exited with code 0
2026/05/07 07:43:16 [notice] 1#1: signal 29 (SIGIO) received
2026/05/07 07:43:16 [notice] 1#1: signal 17 (SIGCHLD) received from 32
2026/05/07 07:43:16 [notice] 1#1: worker process 31 exited with code 0
2026/05/07 07:43:16 [notice] 1#1: worker process 32 exited with code 0
2026/05/07 07:43:16 [notice] 1#1: signal 29 (SIGIO) received
2026/05/07 07:43:16 [notice] 1#1: signal 17 (SIGCHLD) received from 30
2026/05/07 07:43:16 [notice] 1#1: worker process 30 exited with code 0
2026/05/07 07:43:16 [notice] 1#1: exit
2026/05/07 07:53:13 [notice] 1#1: using the "epoll" event method
2026/05/07 07:53:13 [notice] 1#1: nginx/1.29.8
2026/05/07 07:53:13 [notice] 1#1: built by gcc 15.2.0 (Alpine 15.2.0) 
2026/05/07 07:53:13 [notice] 1#1: OS: Linux 4.4.302+
2026/05/07 07:53:13 [notice] 1#1: getrlimit(RLIMIT_NOFILE): 1048576:1048576
2026/05/07 07:53:13 [notice] 1#1: start worker processes
2026/05/07 07:53:13 [notice] 1#1: start worker process 29
2026/05/07 07:53:13 [notice] 1#1: start worker process 30
2026/05/07 07:53:13 [notice] 1#1: start worker process 31
2026/05/07 07:53:13 [notice] 1#1: start worker process 32
2026/05/07 07:53:38 [error] 32#32: *1 open() "/usr/share/nginx/html/index.html" failed (2: No such file or directory), client: 172.20.0.1, server: localhost, request: "GET /dashboard HTTP/1.1", host: "withwegasan.synology.me:18080"
2026/05/07 07:53:38 [error] 32#32: *1 open() "/usr/share/nginx/html/index.html" failed (2: No such file or directory), client: 172.20.0.1, server: localhost, request: "GET /dashboard HTTP/1.1", host: "withwegasan.synology.me:18080"
2026/05/07 07:53:42 [error] 31#31: *2 directory index of "/usr/share/nginx/html/" is forbidden, client: 127.0.0.1, server: localhost, request: "GET / HTTP/1.1", host: "localhost"
2026/05/07 07:54:13 [error] 31#31: *3 directory index of "/usr/share/nginx/html/" is forbidden, client: 127.0.0.1, server: localhost, request: "GET / HTTP/1.1", host: "localhost"
2026/05/07 07:54:33 [error] 32#32: *1 open() "/usr/share/nginx/html/index.html" failed (2: No such file or directory), client: 172.20.0.1, server: localhost, request: "GET /dashboard HTTP/1.1", host: "withwegasan.synology.me:18080"
2026/05/07 07:54:33 [error] 32#32: *1 open() "/usr/share/nginx/html/index.html" failed (2: No such file or directory), client: 172.20.0.1, server: localhost, request: "GET /dashboard HTTP/1.1", host: "withwegasan.synology.me:18080"
2026/05/07 07:54:43 [error] 31#31: *4 directory index of "/usr/share/nginx/html/" is forbidden, client: 127.0.0.1, server: localhost, request: "GET / HTTP/1.1", host: "localhost"
2026/05/07 07:55:13 [error] 31#31: *5 directory index of "/usr/share/nginx/html/" is forbidden, client: 127.0.0.1, server: localhost, request: "GET / HTTP/1.1", host: "localhost"
2026/05/07 07:55:44 [error] 31#31: *6 directory index of "/usr/share/nginx/html/" is forbidden, client: 127.0.0.1, server: localhost, request: "GET / HTTP/1.1", host: "localhost"
2026/05/07 07:55:56 [notice] 1#1: signal 3 (SIGQUIT) received, shutting down
2026/05/07 07:55:56 [notice] 29#29: gracefully shutting down
2026/05/07 07:55:56 [notice] 29#29: exiting
2026/05/07 07:55:56 [notice] 29#29: exit
2026/05/07 07:55:56 [notice] 30#30: gracefully shutting down
2026/05/07 07:55:56 [notice] 32#32: gracefully shutting down
2026/05/07 07:55:56 [notice] 30#30: exiting
2026/05/07 07:55:56 [notice] 32#32: exiting
2026/05/07 07:55:56 [notice] 30#30: exit
2026/05/07 07:55:56 [notice] 32#32: exit
2026/05/07 07:55:56 [notice] 31#31: gracefully shutting down
2026/05/07 07:55:56 [notice] 31#31: exiting
2026/05/07 07:55:56 [notice] 31#31: exit
2026/05/07 07:55:56 [notice] 1#1: signal 17 (SIGCHLD) received from 29
2026/05/07 07:55:56 [notice] 1#1: worker process 29 exited with code 0
2026/05/07 07:55:56 [notice] 1#1: worker process 32 exited with code 0
2026/05/07 07:55:56 [notice] 1#1: worker process 31 exited with code 0
2026/05/07 07:55:56 [notice] 1#1: signal 29 (SIGIO) received
2026/05/07 07:55:56 [notice] 1#1: signal 17 (SIGCHLD) received from 31
2026/05/07 07:55:56 [notice] 1#1: signal 17 (SIGCHLD) received from 30
2026/05/07 07:55:56 [notice] 1#1: worker process 30 exited with code 0
2026/05/07 07:55:56 [notice] 1#1: exit
2026/05/07 07:58:38 [notice] 1#1: using the "epoll" event method
2026/05/07 07:58:38 [notice] 1#1: nginx/1.29.8
2026/05/07 07:58:38 [notice] 1#1: built by gcc 15.2.0 (Alpine 15.2.0) 
2026/05/07 07:58:38 [notice] 1#1: OS: Linux 4.4.302+
2026/05/07 07:58:38 [notice] 1#1: getrlimit(RLIMIT_NOFILE): 1048576:1048576
2026/05/07 07:58:38 [notice] 1#1: start worker processes
2026/05/07 07:58:38 [notice] 1#1: start worker process 29
2026/05/07 07:58:38 [notice] 1#1: start worker process 30
2026/05/07 07:58:38 [notice] 1#1: start worker process 31
2026/05/07 07:58:38 [notice] 1#1: start worker process 32
2026/05/07 07:59:08 [error] 29#29: *1 directory index of "/usr/share/nginx/html/" is forbidden, client: 127.0.0.1, server: localhost, request: "GET / HTTP/1.1", host: "localhost"
2026/05/07 07:59:34 [error] 30#30: *2 open() "/usr/share/nginx/html/index.html" failed (2: No such file or directory), client: 172.20.0.1, server: localhost, request: "GET /dashboard HTTP/1.1", host: "withwegasan.synology.me:18080"
2026/05/07 07:59:34 [error] 30#30: *2 open() "/usr/share/nginx/html/index.html" failed (2: No such file or directory), client: 172.20.0.1, server: localhost, request: "GET /dashboard HTTP/1.1", host: "withwegasan.synology.me:18080"
2026/05/07 07:59:39 [error] 31#31: *3 directory index of "/usr/share/nginx/html/" is forbidden, client: 127.0.0.1, server: localhost, request: "GET / HTTP/1.1", host: "localhost"
2026/05/07 08:00:09 [error] 30#30: *4 directory index of "/usr/share/nginx/html/" is forbidden, client: 127.0.0.1, server: localhost, request: "GET / HTTP/1.1", host: "localhost"
2026/05/07 08:00:39 [error] 30#30: *5 directory index of "/usr/share/nginx/html/" is forbidden, client: 127.0.0.1, server: localhost, request: "GET / HTTP/1.1", host: "localhost"
2026/05/07 08:01:10 [error] 30#30: *6 directory index of "/usr/share/nginx/html/" is forbidden, client: 127.0.0.1, server: localhost, request: "GET / HTTP/1.1", host: "localhost"
2026/05/07 08:01:40 [error] 31#31: *7 directory index of "/usr/share/nginx/html/" is forbidden, client: 127.0.0.1, server: localhost, request: "GET / HTTP/1.1", host: "localhost"
2026/05/07 08:02:11 [error] 29#29: *8 directory index of "/usr/share/nginx/html/" is forbidden, client: 127.0.0.1, server: localhost, request: "GET / HTTP/1.1", host: "localhost"
2026/05/07 08:02:41 [error] 29#29: *9 directory index of "/usr/share/nginx/html/" is forbidden, client: 127.0.0.1, server: localhost, request: "GET / HTTP/1.1", host: "localhost"
2026/05/07 08:03:12 [error] 31#31: *10 directory index of "/usr/share/nginx/html/" is forbidden, client: 127.0.0.1, server: localhost, request: "GET / HTTP/1.1", host: "localhost"
2026/05/07 08:03:42 [error] 31#31: *11 directory index of "/usr/share/nginx/html/" is forbidden, client: 127.0.0.1, server: localhost, request: "GET / HTTP/1.1", host: "localhost"
2026/05/07 08:04:12 [error] 31#31: *12 directory index of "/usr/share/nginx/html/" is forbidden, client: 127.0.0.1, server: localhost, request: "GET / HTTP/1.1", host: "localhost"
2026/05/07 08:04:43 [error] 31#31: *13 directory index of "/usr/share/nginx/html/" is forbidden, client: 127.0.0.1, server: localhost, request: "GET / HTTP/1.1", host: "localhost"
2026/05/07 08:05:13 [error] 31#31: *14 directory index of "/usr/share/nginx/html/" is forbidden, client: 127.0.0.1, server: localhost, request: "GET / HTTP/1.1", host: "localhost"
2026/05/07 08:05:43 [error] 29#29: *15 directory index of "/usr/share/nginx/html/" is forbidden, client: 127.0.0.1, server: localhost, request: "GET / HTTP/1.1", host: "localhost"
2026/05/07 08:06:14 [error] 29#29: *16 directory index of "/usr/share/nginx/html/" is forbidden, client: 127.0.0.1, server: localhost, request: "GET / HTTP/1.1", host: "localhost"
2026/05/07 08:06:44 [error] 31#31: *17 directory index of "/usr/share/nginx/html/" is forbidden, client: 127.0.0.1, server: localhost, request: "GET / HTTP/1.1", host: "localhost"
2026/05/07 08:07:14 [error] 29#29: *18 directory index of "/usr/share/nginx/html/" is forbidden, client: 127.0.0.1, server: localhost, request: "GET / HTTP/1.1", host: "localhost"
2026/05/07 08:07:45 [error] 32#32: *19 directory index of "/usr/share/nginx/html/" is forbidden, client: 127.0.0.1, server: localhost, request: "GET / HTTP/1.1", host: "localhost"
2026/05/07 08:08:15 [error] 31#31: *20 directory index of "/usr/share/nginx/html/" is forbidden, client: 127.0.0.1, server: localhost, request: "GET / HTTP/1.1", host: "localhost"
2026/05/07 08:08:45 [error] 32#32: *21 directory index of "/usr/share/nginx/html/" is forbidden, client: 127.0.0.1, server: localhost, request: "GET / HTTP/1.1", host: "localhost"
2026/05/07 08:09:16 [error] 32#32: *22 directory index of "/usr/share/nginx/html/" is forbidden, client: 127.0.0.1, server: localhost, request: "GET / HTTP/1.1", host: "localhost"
2026/05/07 08:09:46 [error] 31#31: *23 directory index of "/usr/share/nginx/html/" is forbidden, client: 127.0.0.1, server: localhost, request: "GET / HTTP/1.1", host: "localhost"
2026/05/07 08:10:16 [error] 32#32: *24 directory index of "/usr/share/nginx/html/" is forbidden, client: 127.0.0.1, server: localhost, request: "GET / HTTP/1.1", host: "localhost"
2026/05/07 08:10:47 [error] 32#32: *25 directory index of "/usr/share/nginx/html/" is forbidden, client: 127.0.0.1, server: localhost, request: "GET / HTTP/1.1", host: "localhost"
2026/05/07 08:11:17 [error] 32#32: *26 directory index of "/usr/share/nginx/html/" is forbidden, client: 127.0.0.1, server: localhost, request: "GET / HTTP/1.1", host: "localhost"
2026/05/07 08:11:33 [notice] 1#1: signal 3 (SIGQUIT) received, shutting down
2026/05/07 08:11:33 [notice] 31#31: gracefully shutting down
2026/05/07 08:11:33 [notice] 31#31: exiting
2026/05/07 08:11:33 [notice] 31#31: exit
2026/05/07 08:11:33 [notice] 30#30: gracefully shutting down
2026/05/07 08:11:33 [notice] 30#30: exiting
2026/05/07 08:11:33 [notice] 29#29: gracefully shutting down
2026/05/07 08:11:33 [notice] 29#29: exiting
2026/05/07 08:11:33 [notice] 29#29: exit
2026/05/07 08:11:33 [notice] 30#30: exit
2026/05/07 08:11:33 [notice] 32#32: gracefully shutting down
2026/05/07 08:11:33 [notice] 32#32: exiting
2026/05/07 08:11:33 [notice] 32#32: exit
2026/05/07 08:11:33 [notice] 1#1: signal 17 (SIGCHLD) received from 31
2026/05/07 08:11:33 [notice] 1#1: worker process 31 exited with code 0
2026/05/07 08:11:33 [notice] 1#1: signal 29 (SIGIO) received
2026/05/07 08:11:33 [notice] 1#1: signal 17 (SIGCHLD) received from 32
2026/05/07 08:11:33 [notice] 1#1: worker process 29 exited with code 0
2026/05/07 08:11:33 [notice] 1#1: worker process 32 exited with code 0
2026/05/07 08:11:33 [notice] 1#1: signal 29 (SIGIO) received
2026/05/07 08:11:33 [notice] 1#1: signal 17 (SIGCHLD) received from 29
2026/05/07 08:11:33 [notice] 1#1: signal 17 (SIGCHLD) received from 30
2026/05/07 08:11:33 [notice] 1#1: worker process 30 exited with code 0
2026/05/07 08:11:33 [notice] 1#1: exit
2026/05/07 08:11:42 [notice] 1#1: using the "epoll" event method
2026/05/07 08:11:42 [notice] 1#1: nginx/1.29.8
2026/05/07 08:11:42 [notice] 1#1: built by gcc 15.2.0 (Alpine 15.2.0) 
2026/05/07 08:11:42 [notice] 1#1: OS: Linux 4.4.302+
2026/05/07 08:11:42 [notice] 1#1: getrlimit(RLIMIT_NOFILE): 1048576:1048576
2026/05/07 08:11:42 [notice] 1#1: start worker processes
2026/05/07 08:11:42 [notice] 1#1: start worker process 29
2026/05/07 08:11:42 [notice] 1#1: start worker process 30
2026/05/07 08:11:42 [notice] 1#1: start worker process 31
2026/05/07 08:11:42 [notice] 1#1: start worker process 32
2026/05/07 08:36:02 [notice] 1#1: signal 3 (SIGQUIT) received, shutting down
2026/05/07 08:36:02 [notice] 31#31: gracefully shutting down
2026/05/07 08:36:02 [notice] 30#30: gracefully shutting down
2026/05/07 08:36:02 [notice] 31#31: exiting
2026/05/07 08:36:02 [notice] 30#30: exiting
2026/05/07 08:36:02 [notice] 32#32: gracefully shutting down
2026/05/07 08:36:02 [notice] 32#32: exiting
2026/05/07 08:36:02 [notice] 31#31: exit
2026/05/07 08:36:02 [notice] 32#32: exit
2026/05/07 08:36:02 [notice] 30#30: exit
2026/05/07 08:36:02 [notice] 29#29: gracefully shutting down
2026/05/07 08:36:02 [notice] 29#29: exiting
2026/05/07 08:36:02 [notice] 29#29: exit
2026/05/07 08:36:02 [notice] 1#1: signal 17 (SIGCHLD) received from 32
2026/05/07 08:36:02 [notice] 1#1: worker process 32 exited with code 0
2026/05/07 08:36:02 [notice] 1#1: worker process 30 exited with code 0
2026/05/07 08:36:02 [notice] 1#1: signal 29 (SIGIO) received
2026/05/07 08:36:02 [notice] 1#1: signal 17 (SIGCHLD) received from 30
2026/05/07 08:36:02 [notice] 1#1: signal 17 (SIGCHLD) received from 29
2026/05/07 08:36:02 [notice] 1#1: worker process 29 exited with code 0
2026/05/07 08:36:02 [notice] 1#1: worker process 31 exited with code 0
2026/05/07 08:36:02 [notice] 1#1: exit
2026/05/07 08:36:16 [notice] 1#1: using the "epoll" event method
2026/05/07 08:36:16 [notice] 1#1: nginx/1.29.8
2026/05/07 08:36:16 [notice] 1#1: built by gcc 15.2.0 (Alpine 15.2.0) 
2026/05/07 08:36:16 [notice] 1#1: OS: Linux 4.4.302+
2026/05/07 08:36:16 [notice] 1#1: getrlimit(RLIMIT_NOFILE): 1048576:1048576
2026/05/07 08:36:16 [notice] 1#1: start worker processes
2026/05/07 08:36:16 [notice] 1#1: start worker process 30
2026/05/07 08:36:16 [notice] 1#1: start worker process 31
2026/05/07 08:36:16 [notice] 1#1: start worker process 32
2026/05/07 08:36:16 [notice] 1#1: start worker process 33
2026/05/07 09:04:21 [notice] 1#1: signal 3 (SIGQUIT) received, shutting down
2026/05/07 09:04:21 [notice] 30#30: gracefully shutting down
2026/05/07 09:04:21 [notice] 33#33: gracefully shutting down
2026/05/07 09:04:21 [notice] 30#30: exiting
2026/05/07 09:04:21 [notice] 33#33: exiting
2026/05/07 09:04:21 [notice] 33#33: exit
2026/05/07 09:04:21 [notice] 30#30: exit
2026/05/07 09:04:21 [notice] 32#32: gracefully shutting down
2026/05/07 09:04:21 [notice] 32#32: exiting
2026/05/07 09:04:21 [notice] 32#32: exit
2026/05/07 09:04:21 [notice] 31#31: gracefully shutting down
2026/05/07 09:04:21 [notice] 31#31: exiting
2026/05/07 09:04:21 [notice] 31#31: exit
2026/05/07 09:04:21 [notice] 1#1: signal 17 (SIGCHLD) received from 30
2026/05/07 09:04:21 [notice] 1#1: worker process 30 exited with code 0
2026/05/07 09:04:21 [notice] 1#1: signal 29 (SIGIO) received
2026/05/07 09:04:21 [notice] 1#1: signal 17 (SIGCHLD) received from 32
2026/05/07 09:04:21 [notice] 1#1: worker process 32 exited with code 0
2026/05/07 09:04:21 [notice] 1#1: signal 29 (SIGIO) received
2026/05/07 09:04:21 [notice] 1#1: signal 17 (SIGCHLD) received from 33
2026/05/07 09:04:21 [notice] 1#1: worker process 33 exited with code 0
2026/05/07 09:04:21 [notice] 1#1: worker process 31 exited with code 0
2026/05/07 09:04:21 [notice] 1#1: exit
2026/05/07 09:19:46 [notice] 1#1: using the "epoll" event method
2026/05/07 09:19:46 [notice] 1#1: nginx/1.29.8
2026/05/07 09:19:46 [notice] 1#1: built by gcc 15.2.0 (Alpine 15.2.0) 
2026/05/07 09:19:46 [notice] 1#1: OS: Linux 4.4.302+
2026/05/07 09:19:46 [notice] 1#1: getrlimit(RLIMIT_NOFILE): 1048576:1048576
2026/05/07 09:19:46 [notice] 1#1: start worker processes
2026/05/07 09:19:46 [notice] 1#1: start worker process 29
2026/05/07 09:19:46 [notice] 1#1: start worker process 30
2026/05/07 09:19:46 [notice] 1#1: start worker process 31
2026/05/07 09:19:46 [notice] 1#1: start worker process 32
2026/05/07 09:29:00 [notice] 1#1: signal 3 (SIGQUIT) received, shutting down
2026/05/07 09:29:00 [notice] 29#29: gracefully shutting down
2026/05/07 09:29:00 [notice] 31#31: gracefully shutting down
2026/05/07 09:29:00 [notice] 29#29: exiting
2026/05/07 09:29:00 [notice] 31#31: exiting
2026/05/07 09:29:00 [notice] 31#31: exit
2026/05/07 09:29:00 [notice] 29#29: exit
2026/05/07 09:29:00 [notice] 30#30: gracefully shutting down
2026/05/07 09:29:00 [notice] 30#30: exiting
2026/05/07 09:29:00 [notice] 30#30: exit
2026/05/07 09:29:00 [notice] 32#32: gracefully shutting down
2026/05/07 09:29:00 [notice] 32#32: exiting
2026/05/07 09:29:00 [notice] 32#32: exit
2026/05/07 09:29:00 [notice] 1#1: signal 17 (SIGCHLD) received from 31
2026/05/07 09:29:00 [notice] 1#1: worker process 31 exited with code 0
2026/05/07 09:29:00 [notice] 1#1: worker process 30 exited with code 0
2026/05/07 09:29:00 [notice] 1#1: worker process 32 exited with code 0
2026/05/07 09:29:00 [notice] 1#1: signal 29 (SIGIO) received
2026/05/07 09:29:00 [notice] 1#1: signal 17 (SIGCHLD) received from 32
2026/05/07 09:29:00 [notice] 1#1: worker process 29 exited with code 0
2026/05/07 09:29:00 [notice] 1#1: exit
2026/05/07 09:42:20 [notice] 1#1: using the "epoll" event method
2026/05/07 09:42:20 [notice] 1#1: nginx/1.29.8
2026/05/07 09:42:20 [notice] 1#1: built by gcc 15.2.0 (Alpine 15.2.0) 
2026/05/07 09:42:20 [notice] 1#1: OS: Linux 4.4.302+
2026/05/07 09:42:20 [notice] 1#1: getrlimit(RLIMIT_NOFILE): 1048576:1048576
2026/05/07 09:42:20 [notice] 1#1: start worker processes
2026/05/07 09:42:20 [notice] 1#1: start worker process 28
2026/05/07 09:42:20 [notice] 1#1: start worker process 29
2026/05/07 09:42:20 [notice] 1#1: start worker process 30
2026/05/07 09:42:20 [notice] 1#1: start worker process 31
2026/05/07 09:55:23 [notice] 1#1: signal 3 (SIGQUIT) received, shutting down
2026/05/07 09:55:23 [notice] 28#28: gracefully shutting down
2026/05/07 09:55:23 [notice] 30#30: gracefully shutting down
2026/05/07 09:55:23 [notice] 29#29: gracefully shutting down
2026/05/07 09:55:23 [notice] 28#28: exiting
2026/05/07 09:55:23 [notice] 30#30: exiting
2026/05/07 09:55:23 [notice] 29#29: exiting
2026/05/07 09:55:23 [notice] 31#31: gracefully shutting down
2026/05/07 09:55:23 [notice] 31#31: exiting
2026/05/07 09:55:23 [notice] 28#28: exit
2026/05/07 09:55:23 [notice] 30#30: exit
2026/05/07 09:55:23 [notice] 31#31: exit
2026/05/07 09:55:23 [notice] 29#29: exit
2026/05/07 09:55:23 [notice] 1#1: signal 17 (SIGCHLD) received from 28
2026/05/07 09:55:23 [notice] 1#1: worker process 28 exited with code 0
2026/05/07 09:55:23 [notice] 1#1: worker process 29 exited with code 0
2026/05/07 09:55:23 [notice] 1#1: worker process 30 exited with code 0
2026/05/07 09:55:23 [notice] 1#1: signal 29 (SIGIO) received
2026/05/07 09:55:23 [notice] 1#1: signal 17 (SIGCHLD) received from 29
2026/05/07 09:55:23 [notice] 1#1: signal 17 (SIGCHLD) received from 31
2026/05/07 09:55:23 [notice] 1#1: worker process 31 exited with code 0
2026/05/07 09:55:23 [notice] 1#1: exit
2026/05/07 10:14:22 [notice] 1#1: using the "epoll" event method
2026/05/07 10:14:22 [notice] 1#1: nginx/1.29.8
2026/05/07 10:14:22 [notice] 1#1: built by gcc 15.2.0 (Alpine 15.2.0) 
2026/05/07 10:14:22 [notice] 1#1: OS: Linux 4.4.302+
2026/05/07 10:14:22 [notice] 1#1: getrlimit(RLIMIT_NOFILE): 1048576:1048576
2026/05/07 10:14:22 [notice] 1#1: start worker processes
2026/05/07 10:14:22 [notice] 1#1: start worker process 29
2026/05/07 10:14:22 [notice] 1#1: start worker process 30
2026/05/07 10:14:22 [notice] 1#1: start worker process 31
2026/05/07 10:14:22 [notice] 1#1: start worker process 32
2026/05/07 10:28:08 [notice] 1#1: signal 3 (SIGQUIT) received, shutting down
2026/05/07 10:28:08 [notice] 31#31: gracefully shutting down
2026/05/07 10:28:08 [notice] 29#29: gracefully shutting down
2026/05/07 10:28:08 [notice] 32#32: gracefully shutting down
2026/05/07 10:28:08 [notice] 31#31: exiting
2026/05/07 10:28:08 [notice] 29#29: exiting
2026/05/07 10:28:08 [notice] 32#32: exiting
2026/05/07 10:28:08 [notice] 31#31: exit
2026/05/07 10:28:08 [notice] 29#29: exit
2026/05/07 10:28:08 [notice] 32#32: exit
2026/05/07 10:28:08 [notice] 30#30: gracefully shutting down
2026/05/07 10:28:08 [notice] 30#30: exiting
2026/05/07 10:28:08 [notice] 30#30: exit
2026/05/07 10:28:08 [notice] 1#1: signal 17 (SIGCHLD) received from 32
2026/05/07 10:28:08 [notice] 1#1: worker process 32 exited with code 0
2026/05/07 10:28:08 [notice] 1#1: signal 29 (SIGIO) received
2026/05/07 10:28:08 [notice] 1#1: signal 17 (SIGCHLD) received from 30
2026/05/07 10:28:08 [notice] 1#1: worker process 30 exited with code 0
2026/05/07 10:28:08 [notice] 1#1: worker process 29 exited with code 0
2026/05/07 10:28:08 [notice] 1#1: worker process 31 exited with code 0
2026/05/07 10:28:08 [notice] 1#1: exit
2026/05/07 10:51:29 [notice] 1#1: using the "epoll" event method
2026/05/07 10:51:29 [notice] 1#1: nginx/1.29.8
2026/05/07 10:51:29 [notice] 1#1: built by gcc 15.2.0 (Alpine 15.2.0) 
2026/05/07 10:51:29 [notice] 1#1: OS: Linux 4.4.302+
2026/05/07 10:51:29 [notice] 1#1: getrlimit(RLIMIT_NOFILE): 1048576:1048576
2026/05/07 10:51:29 [notice] 1#1: start worker processes
2026/05/07 10:51:29 [notice] 1#1: start worker process 29
2026/05/07 10:51:29 [notice] 1#1: start worker process 30
2026/05/07 10:51:29 [notice] 1#1: start worker process 31
2026/05/07 10:51:29 [notice] 1#1: start worker process 32
2026/05/07 11:11:39 [notice] 1#1: signal 3 (SIGQUIT) received, shutting down
2026/05/07 11:11:39 [notice] 29#29: gracefully shutting down
2026/05/07 11:11:39 [notice] 30#30: gracefully shutting down
2026/05/07 11:11:39 [notice] 29#29: exiting
2026/05/07 11:11:39 [notice] 30#30: exiting
2026/05/07 11:11:39 [notice] 31#31: gracefully shutting down
2026/05/07 11:11:39 [notice] 31#31: exiting
2026/05/07 11:11:39 [notice] 29#29: exit
2026/05/07 11:11:39 [notice] 31#31: exit
2026/05/07 11:11:39 [notice] 32#32: gracefully shutting down
2026/05/07 11:11:39 [notice] 32#32: exiting
2026/05/07 11:11:39 [notice] 32#32: exit
2026/05/07 11:11:39 [notice] 30#30: exit
2026/05/07 11:11:39 [notice] 1#1: signal 17 (SIGCHLD) received from 31
2026/05/07 11:11:39 [notice] 1#1: worker process 31 exited with code 0
2026/05/07 11:11:39 [notice] 1#1: signal 29 (SIGIO) received
2026/05/07 11:11:39 [notice] 1#1: signal 17 (SIGCHLD) received from 30
2026/05/07 11:11:39 [notice] 1#1: worker process 30 exited with code 0
2026/05/07 11:11:39 [notice] 1#1: worker process 29 exited with code 0
2026/05/07 11:11:39 [notice] 1#1: worker process 32 exited with code 0
2026/05/07 11:11:39 [notice] 1#1: exit
2026/05/07 11:13:22 [notice] 1#1: using the "epoll" event method
2026/05/07 11:13:22 [notice] 1#1: nginx/1.29.8
2026/05/07 11:13:22 [notice] 1#1: built by gcc 15.2.0 (Alpine 15.2.0) 
2026/05/07 11:13:22 [notice] 1#1: OS: Linux 4.4.302+
2026/05/07 11:13:22 [notice] 1#1: getrlimit(RLIMIT_NOFILE): 1048576:1048576
2026/05/07 11:13:22 [notice] 1#1: start worker processes
2026/05/07 11:13:22 [notice] 1#1: start worker process 29
2026/05/07 11:13:22 [notice] 1#1: start worker process 30
2026/05/07 11:13:22 [notice] 1#1: start worker process 31
2026/05/07 11:13:22 [notice] 1#1: start worker process 32
2026/05/07 11:19:53 [notice] 1#1: signal 3 (SIGQUIT) received, shutting down
2026/05/07 11:19:53 [notice] 29#29: gracefully shutting down
2026/05/07 11:19:53 [notice] 31#31: gracefully shutting down
2026/05/07 11:19:53 [notice] 32#32: gracefully shutting down
2026/05/07 11:19:53 [notice] 29#29: exiting
2026/05/07 11:19:53 [notice] 31#31: exiting
2026/05/07 11:19:53 [notice] 32#32: exiting
2026/05/07 11:19:53 [notice] 30#30: gracefully shutting down
2026/05/07 11:19:53 [notice] 30#30: exiting
2026/05/07 11:19:53 [notice] 29#29: exit
2026/05/07 11:19:53 [notice] 32#32: exit
2026/05/07 11:19:53 [notice] 30#30: exit
2026/05/07 11:19:53 [notice] 31#31: exit
2026/05/07 11:19:53 [notice] 1#1: signal 17 (SIGCHLD) received from 32
2026/05/07 11:19:53 [notice] 1#1: worker process 31 exited with code 0
2026/05/07 11:19:53 [notice] 1#1: worker process 32 exited with code 0
2026/05/07 11:19:53 [notice] 1#1: signal 29 (SIGIO) received
2026/05/07 11:19:53 [notice] 1#1: signal 17 (SIGCHLD) received from 31
2026/05/07 11:19:53 [notice] 1#1: signal 17 (SIGCHLD) received from 30
2026/05/07 11:19:53 [notice] 1#1: worker process 29 exited with code 0
2026/05/07 11:19:53 [notice] 1#1: worker process 30 exited with code 0
2026/05/07 11:19:53 [notice] 1#1: exit
2026/05/07 12:29:28 [notice] 1#1: using the "epoll" event method
2026/05/07 12:29:28 [notice] 1#1: nginx/1.29.8
2026/05/07 12:29:28 [notice] 1#1: built by gcc 15.2.0 (Alpine 15.2.0) 
2026/05/07 12:29:28 [notice] 1#1: OS: Linux 4.4.302+
2026/05/07 12:29:28 [notice] 1#1: getrlimit(RLIMIT_NOFILE): 1048576:1048576
2026/05/07 12:29:28 [notice] 1#1: start worker processes
2026/05/07 12:29:28 [notice] 1#1: start worker process 29
2026/05/07 12:29:28 [notice] 1#1: start worker process 30
2026/05/07 12:29:28 [notice] 1#1: start worker process 31
2026/05/07 12:29:28 [notice] 1#1: start worker process 32
2026/05/07 12:31:48 [notice] 1#1: signal 2 (SIGINT) received, exiting
2026/05/07 12:31:48 [notice] 29#29: exiting
2026/05/07 12:31:48 [notice] 31#31: exiting
2026/05/07 12:31:48 [notice] 32#32: exiting
2026/05/07 12:31:48 [notice] 30#30: exiting
2026/05/07 12:31:48 [notice] 32#32: exit
2026/05/07 12:31:48 [notice] 29#29: exit
2026/05/07 12:31:48 [notice] 30#30: exit
2026/05/07 12:31:48 [notice] 31#31: exit
2026/05/07 12:31:48 [notice] 1#1: signal 17 (SIGCHLD) received from 29
2026/05/07 12:31:48 [notice] 1#1: worker process 29 exited with code 0
2026/05/07 12:31:48 [notice] 1#1: signal 29 (SIGIO) received
2026/05/07 12:31:48 [notice] 1#1: signal 17 (SIGCHLD) received from 31
2026/05/07 12:31:48 [notice] 1#1: worker process 31 exited with code 0
2026/05/07 12:31:48 [notice] 1#1: signal 29 (SIGIO) received
2026/05/07 12:31:48 [notice] 1#1: signal 17 (SIGCHLD) received from 30
2026/05/07 12:31:48 [notice] 1#1: worker process 30 exited with code 0
2026/05/07 12:31:48 [notice] 1#1: signal 29 (SIGIO) received
2026/05/07 12:31:48 [notice] 1#1: signal 17 (SIGCHLD) received from 32
2026/05/07 12:31:48 [notice] 1#1: worker process 32 exited with code 0
2026/05/07 12:31:48 [notice] 1#1: exit
2026/05/07 12:34:02 [notice] 1#1: using the "epoll" event method
2026/05/07 12:34:02 [notice] 1#1: nginx/1.29.8
2026/05/07 12:34:02 [notice] 1#1: built by gcc 15.2.0 (Alpine 15.2.0) 
2026/05/07 12:34:02 [notice] 1#1: OS: Linux 4.4.302+
2026/05/07 12:34:02 [notice] 1#1: getrlimit(RLIMIT_NOFILE): 1048576:1048576
2026/05/07 12:34:02 [notice] 1#1: start worker processes
2026/05/07 12:34:02 [notice] 1#1: start worker process 29
2026/05/07 12:34:02 [notice] 1#1: start worker process 30
2026/05/07 12:34:02 [notice] 1#1: start worker process 31
2026/05/07 12:34:02 [notice] 1#1: start worker process 32
2026/05/07 12:36:01 [notice] 1#1: signal 3 (SIGQUIT) received, shutting down
2026/05/07 12:36:01 [notice] 29#29: gracefully shutting down
2026/05/07 12:36:01 [notice] 30#30: gracefully shutting down
2026/05/07 12:36:01 [notice] 29#29: exiting
2026/05/07 12:36:01 [notice] 30#30: exiting
2026/05/07 12:36:01 [notice] 31#31: gracefully shutting down
2026/05/07 12:36:01 [notice] 31#31: exiting
2026/05/07 12:36:01 [notice] 29#29: exit
2026/05/07 12:36:01 [notice] 31#31: exit
2026/05/07 12:36:01 [notice] 32#32: gracefully shutting down
2026/05/07 12:36:01 [notice] 32#32: exiting
2026/05/07 12:36:01 [notice] 32#32: exit
2026/05/07 12:36:01 [notice] 30#30: exit
2026/05/07 12:36:01 [notice] 1#1: signal 17 (SIGCHLD) received from 30
2026/05/07 12:36:01 [notice] 1#1: worker process 30 exited with code 0
2026/05/07 12:36:01 [notice] 1#1: worker process 29 exited with code 0
2026/05/07 12:36:01 [notice] 1#1: worker process 31 exited with code 0
2026/05/07 12:36:01 [notice] 1#1: signal 29 (SIGIO) received
2026/05/07 12:36:01 [notice] 1#1: signal 17 (SIGCHLD) received from 31
2026/05/07 12:36:01 [notice] 1#1: signal 17 (SIGCHLD) received from 32
2026/05/07 12:36:01 [notice] 1#1: worker process 32 exited with code 0
2026/05/07 12:36:01 [notice] 1#1: exit
2026/05/07 13:57:21 [notice] 1#1: using the "epoll" event method
2026/05/07 13:57:21 [notice] 1#1: nginx/1.29.8
2026/05/07 13:57:21 [notice] 1#1: built by gcc 15.2.0 (Alpine 15.2.0) 
2026/05/07 13:57:21 [notice] 1#1: OS: Linux 4.4.302+
2026/05/07 13:57:21 [notice] 1#1: getrlimit(RLIMIT_NOFILE): 1048576:1048576
2026/05/07 13:57:21 [notice] 1#1: start worker processes
2026/05/07 13:57:21 [notice] 1#1: start worker process 29
2026/05/07 13:57:21 [notice] 1#1: start worker process 30
2026/05/07 13:57:21 [notice] 1#1: start worker process 31
2026/05/07 13:57:21 [notice] 1#1: start worker process 32
2026/07/03 22:09:41 [notice] 1#1: signal 3 (SIGQUIT) received, shutting down
2026/07/03 22:09:41 [notice] 29#29: gracefully shutting down
2026/07/03 22:09:41 [notice] 30#30: gracefully shutting down
2026/07/03 22:09:41 [notice] 32#32: gracefully shutting down
2026/07/03 22:09:41 [notice] 29#29: exiting
2026/07/03 22:09:41 [notice] 30#30: exiting
2026/07/03 22:09:41 [notice] 32#32: exiting
2026/07/03 22:09:41 [notice] 32#32: exit
2026/07/03 22:09:41 [notice] 30#30: exit
2026/07/03 22:09:41 [notice] 29#29: exit
2026/07/03 22:09:41 [notice] 31#31: gracefully shutting down
2026/07/03 22:09:41 [notice] 31#31: exiting
2026/07/03 22:09:41 [notice] 31#31: exit
2026/07/03 22:09:41 [notice] 1#1: signal 17 (SIGCHLD) received from 32
2026/07/03 22:09:41 [notice] 1#1: worker process 32 exited with code 0
2026/07/03 22:09:41 [notice] 1#1: signal 29 (SIGIO) received
2026/07/03 22:09:41 [notice] 1#1: signal 17 (SIGCHLD) received from 30
2026/07/03 22:09:41 [notice] 1#1: worker process 30 exited with code 0
2026/07/03 22:09:41 [notice] 1#1: signal 29 (SIGIO) received
2026/07/03 22:09:41 [notice] 1#1: signal 17 (SIGCHLD) received from 31
2026/07/03 22:09:41 [notice] 1#1: worker process 31 exited with code 0
2026/07/03 22:09:41 [notice] 1#1: signal 29 (SIGIO) received
2026/07/03 22:09:41 [notice] 1#1: signal 17 (SIGCHLD) received from 29
2026/07/03 22:09:41 [notice] 1#1: worker process 29 exited with code 0
2026/07/03 22:09:41 [notice] 1#1: exit
2026/07/03 22:13:45 [emerg] 1#1: host not found in upstream "inventory-api" in /etc/nginx/conf.d/default.conf:43
2026/07/03 22:14:13 [notice] 1#1: using the "epoll" event method
2026/07/03 22:14:13 [notice] 1#1: nginx/1.29.8
2026/07/03 22:14:13 [notice] 1#1: built by gcc 15.2.0 (Alpine 15.2.0) 
2026/07/03 22:14:13 [notice] 1#1: OS: Linux 4.4.302+
2026/07/03 22:14:13 [notice] 1#1: getrlimit(RLIMIT_NOFILE): 1048576:1048576
2026/07/03 22:14:13 [notice] 1#1: start worker processes
2026/07/03 22:14:13 [notice] 1#1: start worker process 29
2026/07/03 22:14:13 [notice] 1#1: start worker process 30
2026/07/03 22:14:13 [notice] 1#1: start worker process 31
2026/07/03 22:14:13 [notice] 1#1: start worker process 32
2026/08/14 07:03:00 [notice] 1#1: using the "epoll" event method
2026/08/14 07:03:00 [notice] 1#1: nginx/1.31.3
2026/08/14 07:03:00 [notice] 1#1: built by gcc 15.2.0 (Alpine 15.2.0) 
2026/08/14 07:03:00 [notice] 1#1: OS: Linux 6.18.33.2-microsoft-standard-WSL2
2026/08/14 07:03:00 [notice] 1#1: getrlimit(RLIMIT_NOFILE): 1048576:1048576
2026/08/14 07:03:00 [notice] 1#1: start worker processes
2026/08/14 07:03:00 [notice] 1#1: start worker process 29
2026/08/14 07:03:00 [notice] 1#1: start worker process 30
2026/08/14 07:03:00 [notice] 1#1: start worker process 31
2026/08/14 07:03:00 [notice] 1#1: start worker process 32
2026/08/14 07:03:00 [notice] 1#1: start worker process 33
2026/08/14 07:03:00 [notice] 1#1: start worker process 34
2026/08/14 07:03:00 [notice] 1#1: start worker process 35
2026/08/14 07:03:00 [notice] 1#1: start worker process 36
2026/08/14 07:03:00 [notice] 1#1: start worker process 37
2026/08/14 07:03:00 [notice] 1#1: start worker process 38
2026/08/14 07:03:00 [notice] 1#1: start worker process 39
2026/08/14 07:03:00 [notice] 1#1: start worker process 40
2026/08/14 07:15:58 [notice] 1#1: signal 3 (SIGQUIT) received, shutting down
2026/08/14 07:15:58 [notice] 29#29: gracefully shutting down
2026/08/14 07:15:58 [notice] 30#30: gracefully shutting down
2026/08/14 07:15:58 [notice] 33#33: gracefully shutting down
2026/08/14 07:15:58 [notice] 34#34: gracefully shutting down
2026/08/14 07:15:58 [notice] 35#35: gracefully shutting down
2026/08/14 07:15:58 [notice] 36#36: gracefully shutting down
2026/08/14 07:15:58 [notice] 37#37: gracefully shutting down
2026/08/14 07:15:58 [notice] 38#38: gracefully shutting down
2026/08/14 07:15:58 [notice] 31#31: gracefully shutting down
2026/08/14 07:15:58 [notice] 39#39: gracefully shutting down
2026/08/14 07:15:58 [notice] 32#32: gracefully shutting down
2026/08/14 07:15:58 [notice] 40#40: gracefully shutting down
2026/08/14 07:15:58 [notice] 29#29: exiting
2026/08/14 07:15:58 [notice] 30#30: exiting
2026/08/14 07:15:58 [notice] 33#33: exiting
2026/08/14 07:15:58 [notice] 34#34: exiting
2026/08/14 07:15:58 [notice] 35#35: exiting
2026/08/14 07:15:58 [notice] 36#36: exiting
2026/08/14 07:15:58 [notice] 37#37: exiting
2026/08/14 07:15:58 [notice] 38#38: exiting
2026/08/14 07:15:58 [notice] 31#31: exiting
2026/08/14 07:15:58 [notice] 39#39: exiting
2026/08/14 07:15:58 [notice] 32#32: exiting
2026/08/14 07:15:58 [notice] 40#40: exiting
2026/08/14 07:15:58 [notice] 29#29: exit
2026/08/14 07:15:58 [notice] 30#30: exit
2026/08/14 07:15:58 [notice] 33#33: exit
2026/08/14 07:15:58 [notice] 34#34: exit
2026/08/14 07:15:58 [notice] 35#35: exit
2026/08/14 07:15:58 [notice] 36#36: exit
2026/08/14 07:15:58 [notice] 37#37: exit
2026/08/14 07:15:58 [notice] 38#38: exit
2026/08/14 07:15:58 [notice] 31#31: exit
2026/08/14 07:15:58 [notice] 39#39: exit
2026/08/14 07:15:58 [notice] 32#32: exit
2026/08/14 07:15:58 [notice] 40#40: exit
2026/08/14 07:15:58 [notice] 1#1: signal 17 (SIGCHLD) received from 36
2026/08/14 07:15:58 [notice] 1#1: worker process 36 exited with code 0
2026/08/14 07:15:58 [notice] 1#1: signal 29 (SIGIO) received
2026/08/14 07:15:58 [notice] 1#1: signal 17 (SIGCHLD) received from 39
2026/08/14 07:15:58 [notice] 1#1: worker process 29 exited with code 0
2026/08/14 07:15:58 [notice] 1#1: worker process 34 exited with code 0
2026/08/14 07:15:58 [notice] 1#1: worker process 39 exited with code 0
2026/08/14 07:15:58 [notice] 1#1: signal 29 (SIGIO) received
2026/08/14 07:15:58 [notice] 1#1: signal 17 (SIGCHLD) received from 29
2026/08/14 07:15:58 [notice] 1#1: signal 17 (SIGCHLD) received from 30
2026/08/14 07:15:58 [notice] 1#1: worker process 30 exited with code 0
2026/08/14 07:15:58 [notice] 1#1: worker process 31 exited with code 0
2026/08/14 07:15:58 [notice] 1#1: worker process 35 exited with code 0
2026/08/14 07:15:58 [notice] 1#1: worker process 38 exited with code 0
2026/08/14 07:15:58 [notice] 1#1: signal 29 (SIGIO) received
2026/08/14 07:15:58 [notice] 1#1: signal 17 (SIGCHLD) received from 35
2026/08/14 07:15:58 [notice] 1#1: signal 17 (SIGCHLD) received from 32
2026/08/14 07:15:58 [notice] 1#1: worker process 32 exited with code 0
2026/08/14 07:15:58 [notice] 1#1: worker process 33 exited with code 0
2026/08/14 07:15:58 [notice] 1#1: worker process 37 exited with code 0
2026/08/14 07:15:58 [notice] 1#1: worker process 40 exited with code 0
2026/08/14 07:15:58 [notice] 1#1: exit
2026/08/14 07:17:41 [notice] 1#1: using the "epoll" event method
2026/08/14 07:17:41 [notice] 1#1: nginx/1.31.3
2026/08/14 07:17:41 [notice] 1#1: built by gcc 15.2.0 (Alpine 15.2.0) 
2026/08/14 07:17:41 [notice] 1#1: OS: Linux 6.18.33.2-microsoft-standard-WSL2
2026/08/14 07:17:41 [notice] 1#1: getrlimit(RLIMIT_NOFILE): 1048576:1048576
2026/08/14 07:17:41 [notice] 1#1: start worker processes
2026/08/14 07:17:41 [notice] 1#1: start worker process 29
2026/08/14 07:17:41 [notice] 1#1: start worker process 30
2026/08/14 07:17:41 [notice] 1#1: start worker process 31
2026/08/14 07:17:41 [notice] 1#1: start worker process 32
2026/08/14 07:17:41 [notice] 1#1: start worker process 33
2026/08/14 07:17:41 [notice] 1#1: start worker process 34
2026/08/14 07:17:41 [notice] 1#1: start worker process 35
2026/08/14 07:17:41 [notice] 1#1: start worker process 36
2026/08/14 07:17:41 [notice] 1#1: start worker process 37
2026/08/14 07:17:41 [notice] 1#1: start worker process 38
2026/08/14 07:17:41 [notice] 1#1: start worker process 39
2026/08/14 07:17:41 [notice] 1#1: start worker process 40
2026/08/14 07:18:06 [notice] 1#1: signal 3 (SIGQUIT) received, shutting down
2026/08/14 07:18:06 [notice] 29#29: gracefully shutting down
2026/08/14 07:18:06 [notice] 30#30: gracefully shutting down
2026/08/14 07:18:06 [notice] 32#32: gracefully shutting down
2026/08/14 07:18:06 [notice] 33#33: gracefully shutting down
2026/08/14 07:18:06 [notice] 31#31: gracefully shutting down
2026/08/14 07:18:06 [notice] 34#34: gracefully shutting down
2026/08/14 07:18:06 [notice] 34#34: exiting
2026/08/14 07:18:06 [notice] 36#36: gracefully shutting down
2026/08/14 07:18:06 [notice] 35#35: gracefully shutting down
2026/08/14 07:18:06 [notice] 38#38: gracefully shutting down
2026/08/14 07:18:06 [notice] 37#37: gracefully shutting down
2026/08/14 07:18:06 [notice] 39#39: gracefully shutting down
2026/08/14 07:18:06 [notice] 40#40: gracefully shutting down
2026/08/14 07:18:06 [notice] 29#29: exiting
2026/08/14 07:18:06 [notice] 32#32: exiting
2026/08/14 07:18:06 [notice] 33#33: exiting
2026/08/14 07:18:06 [notice] 31#31: exiting
2026/08/14 07:18:06 [notice] 34#34: exit
2026/08/14 07:18:06 [notice] 36#36: exiting
2026/08/14 07:18:06 [notice] 35#35: exiting
2026/08/14 07:18:06 [notice] 38#38: exiting
2026/08/14 07:18:06 [notice] 37#37: exiting
2026/08/14 07:18:06 [notice] 39#39: exiting
2026/08/14 07:18:06 [notice] 40#40: exiting
2026/08/14 07:18:06 [notice] 29#29: exit
2026/08/14 07:18:06 [notice] 32#32: exit
2026/08/14 07:18:06 [notice] 33#33: exit
2026/08/14 07:18:06 [notice] 31#31: exit
2026/08/14 07:18:06 [notice] 36#36: exit
2026/08/14 07:18:06 [notice] 35#35: exit
2026/08/14 07:18:06 [notice] 38#38: exit
2026/08/14 07:18:06 [notice] 37#37: exit
2026/08/14 07:18:06 [notice] 39#39: exit
2026/08/14 07:18:06 [notice] 40#40: exit
2026/08/14 07:18:06 [notice] 1#1: signal 17 (SIGCHLD) received from 34
2026/08/14 07:18:06 [notice] 1#1: worker process 34 exited with code 0
2026/08/14 07:18:06 [notice] 1#1: signal 29 (SIGIO) received
2026/08/14 07:18:06 [notice] 1#1: signal 17 (SIGCHLD) received from 29
2026/08/14 07:18:06 [notice] 1#1: worker process 29 exited with code 0
2026/08/14 07:18:06 [notice] 1#1: worker process 31 exited with code 0
2026/08/14 07:18:06 [notice] 1#1: worker process 32 exited with code 0
2026/08/14 07:18:06 [notice] 1#1: worker process 33 exited with code 0
2026/08/14 07:18:06 [notice] 1#1: worker process 35 exited with code 0
2026/08/14 07:18:06 [notice] 1#1: worker process 36 exited with code 0
2026/08/14 07:18:06 [notice] 1#1: worker process 38 exited with code 0
2026/08/14 07:18:06 [notice] 1#1: worker process 39 exited with code 0
2026/08/14 07:18:06 [notice] 1#1: worker process 40 exited with code 0
2026/08/14 07:18:06 [notice] 1#1: signal 29 (SIGIO) received
2026/08/14 07:18:06 [notice] 1#1: signal 17 (SIGCHLD) received from 39
2026/08/14 07:18:06 [notice] 1#1: signal 17 (SIGCHLD) received from 37
2026/08/14 07:18:06 [notice] 1#1: worker process 37 exited with code 0
2026/08/14 07:18:06 [notice] 1#1: signal 29 (SIGIO) received
2026/08/14 07:19:29 [notice] 1#1: using the "epoll" event method
2026/08/14 07:19:29 [notice] 1#1: nginx/1.31.3
2026/08/14 07:19:29 [notice] 1#1: built by gcc 15.2.0 (Alpine 15.2.0) 
2026/08/14 07:19:29 [notice] 1#1: OS: Linux 6.18.33.2-microsoft-standard-WSL2
2026/08/14 07:19:29 [notice] 1#1: getrlimit(RLIMIT_NOFILE): 1048576:1048576
2026/08/14 07:19:29 [notice] 1#1: start worker processes
2026/08/14 07:19:29 [notice] 1#1: start worker process 30
2026/08/14 07:19:29 [notice] 1#1: start worker process 31
2026/08/14 07:19:29 [notice] 1#1: start worker process 32
2026/08/14 07:19:29 [notice] 1#1: start worker process 33
2026/08/14 07:19:29 [notice] 1#1: start worker process 34
2026/08/14 07:19:29 [notice] 1#1: start worker process 35
2026/08/14 07:19:29 [notice] 1#1: start worker process 36
2026/08/14 07:19:29 [notice] 1#1: start worker process 37
2026/08/14 07:19:29 [notice] 1#1: start worker process 38
2026/08/14 07:19:29 [notice] 1#1: start worker process 39
2026/08/14 07:19:29 [notice] 1#1: start worker process 40
2026/08/14 07:19:29 [notice] 1#1: start worker process 41
2026/08/14 07:21:42 [notice] 1#1: signal 3 (SIGQUIT) received, shutting down
2026/08/14 07:21:42 [notice] 30#30: gracefully shutting down
2026/08/14 07:21:42 [notice] 30#30: exiting
2026/08/14 07:21:42 [notice] 31#31: gracefully shutting down
2026/08/14 07:21:42 [notice] 32#32: gracefully shutting down
2026/08/14 07:21:42 [notice] 33#33: gracefully shutting down
2026/08/14 07:21:42 [notice] 34#34: gracefully shutting down
2026/08/14 07:21:42 [notice] 35#35: gracefully shutting down
2026/08/14 07:21:42 [notice] 36#36: gracefully shutting down
2026/08/14 07:21:42 [notice] 37#37: gracefully shutting down
2026/08/14 07:21:42 [notice] 38#38: gracefully shutting down
2026/08/14 07:21:42 [notice] 39#39: gracefully shutting down
2026/08/14 07:21:42 [notice] 40#40: gracefully shutting down
2026/08/14 07:21:42 [notice] 41#41: gracefully shutting down
2026/08/14 07:21:42 [notice] 30#30: exit
2026/08/14 07:21:42 [notice] 31#31: exiting
2026/08/14 07:21:42 [notice] 32#32: exiting
2026/08/14 07:21:42 [notice] 33#33: exiting
2026/08/14 07:21:42 [notice] 34#34: exiting
2026/08/14 07:21:42 [notice] 35#35: exiting
2026/08/14 07:21:42 [notice] 36#36: exiting
2026/08/14 07:21:42 [notice] 37#37: exiting
2026/08/14 07:21:42 [notice] 38#38: exiting
2026/08/14 07:21:42 [notice] 39#39: exiting
2026/08/14 07:21:42 [notice] 40#40: exiting
2026/08/14 07:21:42 [notice] 41#41: exiting
2026/08/14 07:21:42 [notice] 31#31: exit
2026/08/14 07:21:42 [notice] 32#32: exit
2026/08/14 07:21:42 [notice] 33#33: exit
2026/08/14 07:21:42 [notice] 34#34: exit
2026/08/14 07:21:42 [notice] 35#35: exit
2026/08/14 07:21:42 [notice] 36#36: exit
2026/08/14 07:21:42 [notice] 37#37: exit
2026/08/14 07:21:42 [notice] 38#38: exit
2026/08/14 07:21:42 [notice] 39#39: exit
2026/08/14 07:21:42 [notice] 40#40: exit
2026/08/14 07:21:42 [notice] 41#41: exit
2026/08/14 07:21:42 [notice] 1#1: signal 17 (SIGCHLD) received from 36
2026/08/14 07:21:42 [notice] 1#1: worker process 36 exited with code 0
2026/08/14 07:21:42 [notice] 1#1: signal 29 (SIGIO) received
2026/08/14 07:21:42 [notice] 1#1: signal 17 (SIGCHLD) received from 30
2026/08/14 07:21:42 [notice] 1#1: worker process 30 exited with code 0
2026/08/14 07:21:42 [notice] 1#1: signal 29 (SIGIO) received
2026/08/14 07:21:42 [notice] 1#1: signal 17 (SIGCHLD) received from 33
2026/08/14 07:21:42 [notice] 1#1: worker process 31 exited with code 0
2026/08/14 07:21:42 [notice] 1#1: worker process 32 exited with code 0
2026/08/14 07:21:42 [notice] 1#1: worker process 33 exited with code 0
2026/08/14 07:21:42 [notice] 1#1: worker process 34 exited with code 0
2026/08/14 07:21:42 [notice] 1#1: worker process 35 exited with code 0
2026/08/14 07:21:42 [notice] 1#1: worker process 37 exited with code 0
2026/08/14 07:21:42 [notice] 1#1: worker process 38 exited with code 0
2026/08/14 07:21:42 [notice] 1#1: worker process 41 exited with code 0
2026/08/14 07:21:42 [notice] 1#1: worker process 39 exited with code 0
2026/08/14 07:21:42 [notice] 1#1: signal 29 (SIGIO) received
2026/08/14 07:21:42 [notice] 1#1: signal 17 (SIGCHLD) received from 38
2026/08/14 07:21:42 [notice] 1#1: signal 17 (SIGCHLD) received from 40
2026/08/14 07:21:42 [notice] 1#1: worker process 40 exited with code 0
2026/08/14 07:21:42 [notice] 1#1: exit
2026/08/14 07:39:47 [notice] 1#1: using the "epoll" event method
2026/08/14 07:39:47 [notice] 1#1: nginx/1.31.3
2026/08/14 07:39:47 [notice] 1#1: built by gcc 15.2.0 (Alpine 15.2.0) 
2026/08/14 07:39:47 [notice] 1#1: OS: Linux 6.18.33.2-microsoft-standard-WSL2
2026/08/14 07:39:47 [notice] 1#1: getrlimit(RLIMIT_NOFILE): 1048576:1048576
2026/08/14 07:39:47 [notice] 1#1: start worker processes
2026/08/14 07:39:47 [notice] 1#1: start worker process 29
2026/08/14 07:39:47 [notice] 1#1: start worker process 30
2026/08/14 07:39:47 [notice] 1#1: start worker process 31
2026/08/14 07:39:47 [notice] 1#1: start worker process 32
2026/08/14 07:39:47 [notice] 1#1: start worker process 33
2026/08/14 07:39:47 [notice] 1#1: start worker process 34
2026/08/14 07:39:47 [notice] 1#1: start worker process 35
2026/08/14 07:39:47 [notice] 1#1: start worker process 36
2026/08/14 07:39:47 [notice] 1#1: start worker process 37
2026/08/14 07:39:47 [notice] 1#1: start worker process 38
2026/08/14 07:39:47 [notice] 1#1: start worker process 39
2026/08/14 07:39:47 [notice] 1#1: start worker process 40
2026/08/14 07:44:32 [notice] 1#1: signal 3 (SIGQUIT) received, shutting down
2026/08/14 07:44:32 [notice] 29#29: gracefully shutting down
2026/08/14 07:44:32 [notice] 30#30: gracefully shutting down
2026/08/14 07:44:32 [notice] 31#31: gracefully shutting down
2026/08/14 07:44:32 [notice] 32#32: gracefully shutting down
2026/08/14 07:44:32 [notice] 34#34: gracefully shutting down
2026/08/14 07:44:32 [notice] 33#33: gracefully shutting down
2026/08/14 07:44:32 [notice] 35#35: gracefully shutting down
2026/08/14 07:44:32 [notice] 37#37: gracefully shutting down
2026/08/14 07:44:32 [notice] 36#36: gracefully shutting down
2026/08/14 07:44:32 [notice] 38#38: gracefully shutting down
2026/08/14 07:44:32 [notice] 39#39: gracefully shutting down
2026/08/14 07:44:32 [notice] 40#40: gracefully shutting down
2026/08/14 07:44:32 [notice] 29#29: exiting
2026/08/14 07:44:32 [notice] 30#30: exiting
2026/08/14 07:44:32 [notice] 31#31: exiting
2026/08/14 07:44:32 [notice] 32#32: exiting
2026/08/14 07:44:32 [notice] 34#34: exiting
2026/08/14 07:44:32 [notice] 33#33: exiting
2026/08/14 07:44:32 [notice] 35#35: exiting
2026/08/14 07:44:32 [notice] 37#37: exiting
2026/08/14 07:44:32 [notice] 36#36: exiting
2026/08/14 07:44:32 [notice] 38#38: exiting
2026/08/14 07:44:32 [notice] 39#39: exiting
2026/08/14 07:44:32 [notice] 40#40: exiting
2026/08/14 07:44:32 [notice] 29#29: exit
2026/08/14 07:44:32 [notice] 30#30: exit
2026/08/14 07:44:32 [notice] 31#31: exit
2026/08/14 07:44:32 [notice] 32#32: exit
2026/08/14 07:44:32 [notice] 34#34: exit
2026/08/14 07:44:32 [notice] 33#33: exit
2026/08/14 07:44:32 [notice] 35#35: exit
2026/08/14 07:44:32 [notice] 37#37: exit
2026/08/14 07:44:32 [notice] 36#36: exit
2026/08/14 07:44:32 [notice] 38#38: exit
2026/08/14 07:44:32 [notice] 39#39: exit
2026/08/14 07:44:32 [notice] 40#40: exit
2026/08/14 07:44:32 [notice] 1#1: signal 17 (SIGCHLD) received from 31
2026/08/14 07:44:32 [notice] 1#1: worker process 31 exited with code 0
2026/08/14 07:44:32 [notice] 1#1: worker process 36 exited with code 0
2026/08/14 07:44:32 [notice] 1#1: signal 29 (SIGIO) received
2026/08/14 07:44:32 [notice] 1#1: signal 17 (SIGCHLD) received from 36
2026/08/14 07:44:32 [notice] 1#1: signal 17 (SIGCHLD) received from 35
2026/08/14 07:44:32 [notice] 1#1: worker process 29 exited with code 0
2026/08/14 07:44:32 [notice] 1#1: worker process 32 exited with code 0
2026/08/14 07:44:32 [notice] 1#1: worker process 34 exited with code 0
2026/08/14 07:44:32 [notice] 1#1: worker process 35 exited with code 0
2026/08/14 07:44:32 [notice] 1#1: signal 29 (SIGIO) received
2026/08/14 07:44:32 [notice] 1#1: signal 17 (SIGCHLD) received from 32
2026/08/14 07:44:32 [notice] 1#1: worker process 30 exited with code 0
2026/08/14 07:44:32 [notice] 1#1: worker process 37 exited with code 0
2026/08/14 07:44:32 [notice] 1#1: signal 29 (SIGIO) received
2026/08/14 07:44:32 [notice] 1#1: signal 17 (SIGCHLD) received from 37
2026/08/14 07:44:32 [notice] 1#1: signal 17 (SIGCHLD) received from 33
2026/08/14 07:44:32 [notice] 1#1: worker process 33 exited with code 0
2026/08/14 07:44:32 [notice] 1#1: worker process 39 exited with code 0
2026/08/14 07:44:32 [notice] 1#1: signal 29 (SIGIO) received
2026/08/14 07:44:32 [notice] 1#1: signal 17 (SIGCHLD) received from 39
2026/08/14 07:44:32 [notice] 1#1: signal 17 (SIGCHLD) received from 40
2026/08/14 07:44:32 [notice] 1#1: worker process 40 exited with code 0
2026/08/14 07:44:32 [notice] 1#1: signal 29 (SIGIO) received
2026/08/14 07:44:32 [notice] 1#1: signal 17 (SIGCHLD) received from 38
2026/08/14 07:44:32 [notice] 1#1: worker process 38 exited with code 0
2026/08/14 07:44:32 [notice] 1#1: exit
2026/08/14 07:47:42 [notice] 1#1: using the "epoll" event method
2026/08/14 07:47:42 [notice] 1#1: nginx/1.31.3
2026/08/14 07:47:42 [notice] 1#1: built by gcc 15.2.0 (Alpine 15.2.0) 
2026/08/14 07:47:42 [notice] 1#1: OS: Linux 6.18.33.2-microsoft-standard-WSL2
2026/08/14 07:47:42 [notice] 1#1: getrlimit(RLIMIT_NOFILE): 1048576:1048576
2026/08/14 07:47:42 [notice] 1#1: start worker processes
2026/08/14 07:47:42 [notice] 1#1: start worker process 29
2026/08/14 07:47:42 [notice] 1#1: start worker process 30
2026/08/14 07:47:42 [notice] 1#1: start worker process 31
2026/08/14 07:47:42 [notice] 1#1: start worker process 32
2026/08/14 07:47:42 [notice] 1#1: start worker process 33
2026/08/14 07:47:42 [notice] 1#1: start worker process 34
2026/08/14 07:47:42 [notice] 1#1: start worker process 35
2026/08/14 07:47:42 [notice] 1#1: start worker process 36
2026/08/14 07:47:42 [notice] 1#1: start worker process 37
2026/08/14 07:47:42 [notice] 1#1: start worker process 38
2026/08/14 07:47:42 [notice] 1#1: start worker process 39
2026/08/14 07:47:42 [notice] 1#1: start worker process 40
2026/08/14 07:59:21 [notice] 1#1: signal 3 (SIGQUIT) received, shutting down
2026/08/14 07:59:21 [notice] 29#29: gracefully shutting down
2026/08/14 07:59:21 [notice] 30#30: gracefully shutting down
2026/08/14 07:59:21 [notice] 32#32: gracefully shutting down
2026/08/14 07:59:21 [notice] 31#31: gracefully shutting down
2026/08/14 07:59:21 [notice] 33#33: gracefully shutting down
2026/08/14 07:59:21 [notice] 34#34: gracefully shutting down
2026/08/14 07:59:21 [notice] 36#36: gracefully shutting down
2026/08/14 07:59:21 [notice] 35#35: gracefully shutting down
2026/08/14 07:59:21 [notice] 37#37: gracefully shutting down
2026/08/14 07:59:21 [notice] 40#40: gracefully shutting down
2026/08/14 07:59:21 [notice] 39#39: gracefully shutting down
2026/08/14 07:59:21 [notice] 38#38: gracefully shutting down
2026/08/14 07:59:21 [notice] 29#29: exiting
2026/08/14 07:59:21 [notice] 30#30: exiting
2026/08/14 07:59:21 [notice] 29#29: exit
2026/08/14 07:59:21 [notice] 32#32: exiting
2026/08/14 07:59:21 [notice] 31#31: exiting
2026/08/14 07:59:21 [notice] 33#33: exiting
2026/08/14 07:59:21 [notice] 34#34: exiting
2026/08/14 07:59:21 [notice] 36#36: exiting
2026/08/14 07:59:21 [notice] 35#35: exiting
2026/08/14 07:59:21 [notice] 37#37: exiting
2026/08/14 07:59:21 [notice] 40#40: exiting
2026/08/14 07:59:21 [notice] 39#39: exiting
2026/08/14 07:59:21 [notice] 38#38: exiting
2026/08/14 07:59:21 [notice] 30#30: exit
2026/08/14 07:59:21 [notice] 32#32: exit
2026/08/14 07:59:21 [notice] 31#31: exit
2026/08/14 07:59:21 [notice] 33#33: exit
2026/08/14 07:59:21 [notice] 34#34: exit
2026/08/14 07:59:21 [notice] 36#36: exit
2026/08/14 07:59:21 [notice] 35#35: exit
2026/08/14 07:59:21 [notice] 37#37: exit
2026/08/14 07:59:21 [notice] 40#40: exit
2026/08/14 07:59:21 [notice] 39#39: exit
2026/08/14 07:59:21 [notice] 38#38: exit
2026/08/14 07:59:21 [notice] 1#1: signal 17 (SIGCHLD) received from 36
2026/08/14 07:59:21 [notice] 1#1: worker process 36 exited with code 0
2026/08/14 07:59:21 [notice] 1#1: signal 29 (SIGIO) received
2026/08/14 07:59:21 [notice] 1#1: signal 17 (SIGCHLD) received from 37
2026/08/14 07:59:21 [notice] 1#1: worker process 29 exited with code 0
2026/08/14 07:59:21 [notice] 1#1: worker process 37 exited with code 0
2026/08/14 07:59:21 [notice] 1#1: signal 29 (SIGIO) received
2026/08/14 07:59:21 [notice] 1#1: signal 17 (SIGCHLD) received from 29
2026/08/14 07:59:21 [notice] 1#1: signal 17 (SIGCHLD) received from 31
2026/08/14 07:59:21 [notice] 1#1: worker process 31 exited with code 0
2026/08/14 07:59:21 [notice] 1#1: signal 29 (SIGIO) received
2026/08/14 07:59:21 [notice] 1#1: signal 17 (SIGCHLD) received from 32
2026/08/14 07:59:21 [notice] 1#1: worker process 30 exited with code 0
2026/08/14 07:59:21 [notice] 1#1: worker process 32 exited with code 0
2026/08/14 07:59:21 [notice] 1#1: worker process 33 exited with code 0
2026/08/14 07:59:21 [notice] 1#1: worker process 34 exited with code 0
2026/08/14 07:59:21 [notice] 1#1: worker process 35 exited with code 0
2026/08/14 07:59:21 [notice] 1#1: worker process 38 exited with code 0
2026/08/14 07:59:21 [notice] 1#1: worker process 39 exited with code 0
2026/08/14 07:59:21 [notice] 1#1: worker process 40 exited with code 0
2026/08/14 07:59:21 [notice] 1#1: exit
2026/08/14 08:01:29 [notice] 1#1: using the "epoll" event method
2026/08/14 08:01:29 [notice] 1#1: nginx/1.31.3
2026/08/14 08:01:29 [notice] 1#1: built by gcc 15.2.0 (Alpine 15.2.0) 
2026/08/14 08:01:29 [notice] 1#1: OS: Linux 6.18.33.2-microsoft-standard-WSL2
2026/08/14 08:01:29 [notice] 1#1: getrlimit(RLIMIT_NOFILE): 1048576:1048576
2026/08/14 08:01:29 [notice] 1#1: start worker processes
2026/08/14 08:01:29 [notice] 1#1: start worker process 30
2026/08/14 08:01:29 [notice] 1#1: start worker process 31
2026/08/14 08:01:29 [notice] 1#1: start worker process 32
2026/08/14 08:01:29 [notice] 1#1: start worker process 33
2026/08/14 08:01:29 [notice] 1#1: start worker process 34
2026/08/14 08:01:29 [notice] 1#1: start worker process 35
2026/08/14 08:01:29 [notice] 1#1: start worker process 36
2026/08/14 08:01:29 [notice] 1#1: start worker process 37
2026/08/14 08:01:29 [notice] 1#1: start worker process 38
2026/08/14 08:01:29 [notice] 1#1: start worker process 39
2026/08/14 08:01:29 [notice] 1#1: start worker process 40
2026/08/14 08:01:29 [notice] 1#1: start worker process 41
2026/08/14 08:30:26 [notice] 1#1: signal 3 (SIGQUIT) received, shutting down
2026/08/14 08:30:26 [notice] 30#30: gracefully shutting down
2026/08/14 08:30:26 [notice] 31#31: gracefully shutting down
2026/08/14 08:30:26 [notice] 31#31: exiting
2026/08/14 08:30:26 [notice] 32#32: gracefully shutting down
2026/08/14 08:30:26 [notice] 33#33: gracefully shutting down
2026/08/14 08:30:26 [notice] 35#35: gracefully shutting down
2026/08/14 08:30:26 [notice] 34#34: gracefully shutting down
2026/08/14 08:30:26 [notice] 36#36: gracefully shutting down
2026/08/14 08:30:26 [notice] 37#37: gracefully shutting down
2026/08/14 08:30:26 [notice] 40#40: gracefully shutting down
2026/08/14 08:30:26 [notice] 38#38: gracefully shutting down
2026/08/14 08:30:26 [notice] 41#41: gracefully shutting down
2026/08/14 08:30:26 [notice] 39#39: gracefully shutting down
2026/08/14 08:30:26 [notice] 30#30: exiting
2026/08/14 08:30:26 [notice] 31#31: exit
2026/08/14 08:30:26 [notice] 32#32: exiting
2026/08/14 08:30:26 [notice] 33#33: exiting
2026/08/14 08:30:26 [notice] 35#35: exiting
2026/08/14 08:30:26 [notice] 34#34: exiting
2026/08/14 08:30:26 [notice] 36#36: exiting
2026/08/14 08:30:26 [notice] 37#37: exiting
2026/08/14 08:30:26 [notice] 40#40: exiting
2026/08/14 08:30:26 [notice] 38#38: exiting
2026/08/14 08:30:26 [notice] 41#41: exiting
2026/08/14 08:30:26 [notice] 39#39: exiting
2026/08/14 08:30:26 [notice] 30#30: exit
2026/08/14 08:30:26 [notice] 32#32: exit
2026/08/14 08:30:26 [notice] 33#33: exit
2026/08/14 08:30:26 [notice] 35#35: exit
2026/08/14 08:30:26 [notice] 34#34: exit
2026/08/14 08:30:26 [notice] 36#36: exit
2026/08/14 08:30:26 [notice] 37#37: exit
2026/08/14 08:30:26 [notice] 40#40: exit
2026/08/14 08:30:26 [notice] 38#38: exit
2026/08/14 08:30:26 [notice] 41#41: exit
2026/08/14 08:30:26 [notice] 39#39: exit
2026/08/14 08:30:26 [notice] 1#1: signal 17 (SIGCHLD) received from 31
2026/08/14 08:30:26 [notice] 1#1: worker process 31 exited with code 0
2026/08/14 08:30:26 [notice] 1#1: signal 29 (SIGIO) received
2026/08/14 08:30:26 [notice] 1#1: signal 17 (SIGCHLD) received from 30
2026/08/14 08:30:26 [notice] 1#1: worker process 30 exited with code 0
2026/08/14 08:30:26 [notice] 1#1: signal 29 (SIGIO) received
2026/08/14 08:30:26 [notice] 1#1: signal 17 (SIGCHLD) received from 36
2026/08/14 08:30:26 [notice] 1#1: worker process 36 exited with code 0
2026/08/14 08:30:26 [notice] 1#1: signal 29 (SIGIO) received
2026/08/14 08:30:26 [notice] 1#1: signal 17 (SIGCHLD) received from 32
2026/08/14 08:30:26 [notice] 1#1: worker process 32 exited with code 0
2026/08/14 08:30:26 [notice] 1#1: worker process 34 exited with code 0
2026/08/14 08:30:26 [notice] 1#1: worker process 39 exited with code 0
2026/08/14 08:30:26 [notice] 1#1: worker process 40 exited with code 0
2026/08/14 08:30:26 [notice] 1#1: signal 29 (SIGIO) received
2026/08/14 08:30:26 [notice] 1#1: signal 17 (SIGCHLD) received from 39
2026/08/14 08:30:26 [notice] 1#1: worker process 33 exited with code 0
2026/08/14 08:30:26 [notice] 1#1: worker process 35 exited with code 0
2026/08/14 08:30:26 [notice] 1#1: worker process 37 exited with code 0
2026/08/14 08:30:26 [notice] 1#1: worker process 38 exited with code 0
2026/08/14 08:30:26 [notice] 1#1: worker process 41 exited with code 0
2026/08/14 08:30:26 [notice] 1#1: exit
2026/08/14 08:59:05 [notice] 1#1: using the "epoll" event method
2026/08/14 08:59:05 [notice] 1#1: nginx/1.31.3
2026/08/14 08:59:05 [notice] 1#1: built by gcc 15.2.0 (Alpine 15.2.0) 
2026/08/14 08:59:05 [notice] 1#1: OS: Linux 6.18.33.2-microsoft-standard-WSL2
2026/08/14 08:59:05 [notice] 1#1: getrlimit(RLIMIT_NOFILE): 1048576:1048576
2026/08/14 08:59:05 [notice] 1#1: start worker processes
2026/08/14 08:59:05 [notice] 1#1: start worker process 29
2026/08/14 08:59:05 [notice] 1#1: start worker process 30
2026/08/14 08:59:05 [notice] 1#1: start worker process 31
2026/08/14 08:59:05 [notice] 1#1: start worker process 32
2026/08/14 08:59:05 [notice] 1#1: start worker process 33
2026/08/14 08:59:05 [notice] 1#1: start worker process 34
2026/08/14 08:59:05 [notice] 1#1: start worker process 35
2026/08/14 08:59:05 [notice] 1#1: start worker process 36
2026/08/14 08:59:05 [notice] 1#1: start worker process 37
2026/08/14 08:59:05 [notice] 1#1: start worker process 38
2026/08/14 08:59:05 [notice] 1#1: start worker process 39
2026/08/14 08:59:05 [notice] 1#1: start worker process 40
2026/08/16 14:23:28 [notice] 1#1: using the "epoll" event method
2026/08/16 14:23:28 [notice] 1#1: nginx/1.31.3
2026/08/16 14:23:28 [notice] 1#1: built by gcc 15.2.0 (Alpine 15.2.0) 
2026/08/16 14:23:28 [notice] 1#1: OS: Linux 6.18.33.2-microsoft-standard-WSL2
2026/08/16 14:23:28 [notice] 1#1: getrlimit(RLIMIT_NOFILE): 1048576:1048576
2026/08/16 14:23:28 [notice] 1#1: start worker processes
2026/08/16 14:23:28 [notice] 1#1: start worker process 29
2026/08/16 14:23:28 [notice] 1#1: start worker process 30
2026/08/16 14:23:28 [notice] 1#1: start worker process 31
2026/08/16 14:23:28 [notice] 1#1: start worker process 32
2026/08/16 14:23:28 [notice] 1#1: start worker process 33
2026/08/16 14:23:28 [notice] 1#1: start worker process 34
2026/08/16 14:23:28 [notice] 1#1: start worker process 35
2026/08/16 14:23:28 [notice] 1#1: start worker process 36
2026/08/16 14:23:28 [notice] 1#1: start worker process 37
2026/08/16 14:23:28 [notice] 1#1: start worker process 38
2026/08/16 14:23:28 [notice] 1#1: start worker process 39
2026/08/16 14:23:28 [notice] 1#1: start worker process 40
2026/08/18 02:29:28 [error] 37#37: *728 directory index of "/usr/share/nginx/html/" is forbidden, client: 127.0.0.1, server: localhost, request: "GET / HTTP/1.1", host: "localhost"
2026/08/18 04:43:44 [error] 32#32: *1026 directory index of "/usr/share/nginx/html/" is forbidden, client: 127.0.0.1, server: localhost, request: "GET / HTTP/1.1", host: "localhost"
2026/08/19 23:54:21 [notice] 1#1: using the "epoll" event method
2026/08/19 23:54:21 [notice] 1#1: nginx/1.31.3
2026/08/19 23:54:21 [notice] 1#1: built by gcc 15.2.0 (Alpine 15.2.0) 
2026/08/19 23:54:21 [notice] 1#1: OS: Linux 6.18.33.2-microsoft-standard-WSL2
2026/08/19 23:54:21 [notice] 1#1: getrlimit(RLIMIT_NOFILE): 1048576:1048576
2026/08/19 23:54:21 [notice] 1#1: start worker processes
2026/08/19 23:54:21 [notice] 1#1: start worker process 29
2026/08/19 23:54:21 [notice] 1#1: start worker process 30
2026/08/19 23:54:21 [notice] 1#1: start worker process 31
2026/08/19 23:54:21 [notice] 1#1: start worker process 32
2026/08/19 23:54:21 [notice] 1#1: start worker process 33
2026/08/19 23:54:21 [notice] 1#1: start worker process 34
2026/08/19 23:54:21 [notice] 1#1: start worker process 35
2026/08/19 23:54:21 [notice] 1#1: start worker process 36
2026/08/19 23:54:21 [notice] 1#1: start worker process 37
2026/08/19 23:54:21 [notice] 1#1: start worker process 38
2026/08/19 23:54:21 [notice] 1#1: start worker process 39
2026/08/19 23:54:21 [notice] 1#1: start worker process 40
2026/08/20 00:11:24 [error] 30#30: *46 directory index of "/usr/share/nginx/html/" is forbidden, client: 127.0.0.1, server: localhost, request: "GET / HTTP/1.1", host: "localhost"
2026/08/20 07:19:26 [notice] 1#1: signal 3 (SIGQUIT) received, shutting down
2026/08/20 07:19:26 [notice] 29#29: gracefully shutting down
2026/08/20 07:19:26 [notice] 31#31: gracefully shutting down
2026/08/20 07:19:26 [notice] 30#30: gracefully shutting down
2026/08/20 07:19:26 [notice] 39#39: gracefully shutting down
2026/08/20 07:19:26 [notice] 32#32: gracefully shutting down
2026/08/20 07:19:26 [notice] 33#33: gracefully shutting down
2026/08/20 07:19:26 [notice] 34#34: gracefully shutting down
2026/08/20 07:19:26 [notice] 35#35: gracefully shutting down
2026/08/20 07:19:26 [notice] 40#40: gracefully shutting down
2026/08/20 07:19:26 [notice] 36#36: gracefully shutting down
2026/08/20 07:19:26 [notice] 38#38: gracefully shutting down
2026/08/20 07:19:26 [notice] 37#37: gracefully shutting down
2026/08/20 07:19:26 [notice] 40#40: exiting
2026/08/20 07:19:26 [notice] 29#29: exiting
2026/08/20 07:19:26 [notice] 31#31: exiting
2026/08/20 07:19:26 [notice] 30#30: exiting
2026/08/20 07:19:26 [notice] 39#39: exiting
2026/08/20 07:19:26 [notice] 33#33: exiting
2026/08/20 07:19:26 [notice] 34#34: exiting
2026/08/20 07:19:26 [notice] 39#39: exit
2026/08/20 07:19:26 [notice] 32#32: exiting
2026/08/20 07:19:26 [notice] 35#35: exiting
2026/08/20 07:19:26 [notice] 36#36: exiting
2026/08/20 07:19:26 [notice] 38#38: exiting
2026/08/20 07:19:26 [notice] 37#37: exiting
2026/08/20 07:19:26 [notice] 30#30: exit
2026/08/20 07:19:26 [notice] 40#40: exit
2026/08/20 07:19:26 [notice] 37#37: exit
2026/08/20 07:19:26 [notice] 31#31: exit
2026/08/20 07:19:26 [notice] 29#29: exit
2026/08/20 07:19:26 [notice] 33#33: exit
2026/08/20 07:19:26 [notice] 34#34: exit
2026/08/20 07:19:26 [notice] 32#32: exit
2026/08/20 07:19:26 [notice] 35#35: exit
2026/08/20 07:19:26 [notice] 36#36: exit
2026/08/20 07:19:26 [notice] 38#38: exit
2026/08/20 07:19:26 [notice] 1#1: signal 17 (SIGCHLD) received from 34
2026/08/20 07:19:26 [notice] 1#1: worker process 29 exited with code 0
2026/08/20 07:19:26 [notice] 1#1: worker process 34 exited with code 0
2026/08/20 07:19:26 [notice] 1#1: signal 29 (SIGIO) received
2026/08/20 07:19:26 [notice] 1#1: signal 17 (SIGCHLD) received from 29
2026/08/20 07:19:26 [notice] 1#1: signal 17 (SIGCHLD) received from 32
2026/08/20 07:19:26 [notice] 1#1: worker process 30 exited with code 0
2026/08/20 07:19:26 [notice] 1#1: worker process 31 exited with code 0
2026/08/20 07:19:26 [notice] 1#1: worker process 32 exited with code 0
2026/08/20 07:19:26 [notice] 1#1: worker process 35 exited with code 0
2026/08/20 07:19:26 [notice] 1#1: worker process 39 exited with code 0
2026/08/20 07:19:26 [notice] 1#1: worker process 40 exited with code 0
2026/08/20 07:19:26 [notice] 1#1: signal 29 (SIGIO) received
2026/08/20 07:19:26 [notice] 1#1: signal 17 (SIGCHLD) received from 39
2026/08/20 07:19:26 [notice] 1#1: worker process 33 exited with code 0
2026/08/20 07:19:26 [notice] 1#1: worker process 37 exited with code 0
2026/08/20 07:19:26 [notice] 1#1: signal 29 (SIGIO) received
2026/08/20 07:19:26 [notice] 1#1: signal 17 (SIGCHLD) received from 37
2026/08/20 07:19:26 [notice] 1#1: signal 17 (SIGCHLD) received from 38
2026/08/20 07:19:26 [notice] 1#1: worker process 36 exited with code 0
2026/08/20 07:19:26 [notice] 1#1: worker process 38 exited with code 0
2026/08/20 07:19:26 [notice] 1#1: exit
2026/08/20 07:19:26 [notice] 1#1: using the "epoll" event method
2026/08/20 07:19:26 [notice] 1#1: nginx/1.31.3
2026/08/20 07:19:26 [notice] 1#1: built by gcc 15.2.0 (Alpine 15.2.0) 
2026/08/20 07:19:26 [notice] 1#1: OS: Linux 6.18.33.2-microsoft-standard-WSL2
2026/08/20 07:19:26 [notice] 1#1: getrlimit(RLIMIT_NOFILE): 1048576:1048576
2026/08/20 07:19:26 [notice] 1#1: start worker processes
2026/08/20 07:19:26 [notice] 1#1: start worker process 29
2026/08/20 07:19:26 [notice] 1#1: start worker process 30
2026/08/20 07:19:26 [notice] 1#1: start worker process 31
2026/08/20 07:19:26 [notice] 1#1: start worker process 32
2026/08/20 07:19:26 [notice] 1#1: start worker process 33
2026/08/20 07:19:26 [notice] 1#1: start worker process 34
2026/08/20 07:19:26 [notice] 1#1: start worker process 35
2026/08/20 07:19:26 [notice] 1#1: start worker process 36
2026/08/20 07:19:26 [notice] 1#1: start worker process 37
2026/08/20 07:19:26 [notice] 1#1: start worker process 38
2026/08/20 07:19:26 [notice] 1#1: start worker process 39
2026/08/20 07:19:26 [notice] 1#1: start worker process 40
2026/08/20 07:20:14 [notice] 1#1: signal 3 (SIGQUIT) received, shutting down
2026/08/20 07:20:14 [notice] 29#29: gracefully shutting down
2026/08/20 07:20:14 [notice] 30#30: gracefully shutting down
2026/08/20 07:20:14 [notice] 31#31: gracefully shutting down
2026/08/20 07:20:14 [notice] 32#32: gracefully shutting down
2026/08/20 07:20:14 [notice] 33#33: gracefully shutting down
2026/08/20 07:20:14 [notice] 34#34: gracefully shutting down
2026/08/20 07:20:14 [notice] 37#37: gracefully shutting down
2026/08/20 07:20:14 [notice] 35#35: gracefully shutting down
2026/08/20 07:20:14 [notice] 36#36: gracefully shutting down
2026/08/20 07:20:14 [notice] 38#38: gracefully shutting down
2026/08/20 07:20:14 [notice] 39#39: gracefully shutting down
2026/08/20 07:20:14 [notice] 40#40: gracefully shutting down
2026/08/20 07:20:14 [notice] 29#29: exiting
2026/08/20 07:20:14 [notice] 30#30: exiting
2026/08/20 07:20:14 [notice] 31#31: exiting
2026/08/20 07:20:14 [notice] 32#32: exiting
2026/08/20 07:20:14 [notice] 33#33: exiting
2026/08/20 07:20:14 [notice] 34#34: exiting
2026/08/20 07:20:14 [notice] 37#37: exiting
2026/08/20 07:20:14 [notice] 35#35: exiting
2026/08/20 07:20:14 [notice] 36#36: exiting
2026/08/20 07:20:14 [notice] 38#38: exiting
2026/08/20 07:20:14 [notice] 39#39: exiting
2026/08/20 07:20:14 [notice] 40#40: exiting
2026/08/20 07:20:14 [notice] 29#29: exit
2026/08/20 07:20:14 [notice] 30#30: exit
2026/08/20 07:20:14 [notice] 31#31: exit
2026/08/20 07:20:14 [notice] 32#32: exit
2026/08/20 07:20:14 [notice] 33#33: exit
2026/08/20 07:20:14 [notice] 34#34: exit
2026/08/20 07:20:14 [notice] 37#37: exit
2026/08/20 07:20:14 [notice] 35#35: exit
2026/08/20 07:20:14 [notice] 36#36: exit
2026/08/20 07:20:14 [notice] 38#38: exit
2026/08/20 07:20:14 [notice] 39#39: exit
2026/08/20 07:20:14 [notice] 40#40: exit
2026/08/20 07:20:14 [notice] 1#1: signal 17 (SIGCHLD) received from 32
2026/08/20 07:20:14 [notice] 1#1: worker process 29 exited with code 0
2026/08/20 07:20:14 [notice] 1#1: worker process 32 exited with code 0
2026/08/20 07:20:14 [notice] 1#1: signal 29 (SIGIO) received
2026/08/20 07:20:14 [notice] 1#1: signal 17 (SIGCHLD) received from 36
2026/08/20 07:20:14 [notice] 1#1: worker process 36 exited with code 0
2026/08/20 07:20:14 [notice] 1#1: signal 29 (SIGIO) received
2026/08/20 07:20:14 [notice] 1#1: signal 17 (SIGCHLD) received from 37
2026/08/20 07:20:14 [notice] 1#1: worker process 37 exited with code 0
2026/08/20 07:20:14 [notice] 1#1: worker process 39 exited with code 0
2026/08/20 07:20:14 [notice] 1#1: signal 29 (SIGIO) received
2026/08/20 07:20:14 [notice] 1#1: signal 17 (SIGCHLD) received from 31
2026/08/20 07:20:14 [notice] 1#1: worker process 31 exited with code 0
2026/08/20 07:20:14 [notice] 1#1: worker process 34 exited with code 0
2026/08/20 07:20:14 [notice] 1#1: worker process 35 exited with code 0
2026/08/20 07:20:14 [notice] 1#1: worker process 38 exited with code 0
2026/08/20 07:20:14 [notice] 1#1: signal 29 (SIGIO) received
2026/08/20 07:20:14 [notice] 1#1: signal 17 (SIGCHLD) received from 34
2026/08/20 07:20:14 [notice] 1#1: signal 17 (SIGCHLD) received from 30
2026/08/20 07:20:14 [notice] 1#1: worker process 30 exited with code 0
2026/08/20 07:20:14 [notice] 1#1: worker process 33 exited with code 0
2026/08/20 07:20:14 [notice] 1#1: worker process 40 exited with code 0
2026/08/20 07:20:14 [notice] 1#1: exit
2026/08/20 07:28:06 [notice] 1#1: using the "epoll" event method
2026/08/20 07:28:06 [notice] 1#1: nginx/1.31.3
2026/08/20 07:28:06 [notice] 1#1: built by gcc 15.2.0 (Alpine 15.2.0) 
2026/08/20 07:28:06 [notice] 1#1: OS: Linux 6.18.33.2-microsoft-standard-WSL2
2026/08/20 07:28:06 [notice] 1#1: getrlimit(RLIMIT_NOFILE): 1048576:1048576
2026/08/20 07:28:06 [notice] 1#1: start worker processes
2026/08/20 07:28:06 [notice] 1#1: start worker process 29
2026/08/20 07:28:06 [notice] 1#1: start worker process 30
2026/08/20 07:28:06 [notice] 1#1: start worker process 31
2026/08/20 07:28:06 [notice] 1#1: start worker process 32
2026/08/20 07:28:06 [notice] 1#1: start worker process 33
2026/08/20 07:28:06 [notice] 1#1: start worker process 34
2026/08/20 07:28:06 [notice] 1#1: start worker process 35
2026/08/20 07:28:06 [notice] 1#1: start worker process 36
2026/08/20 07:28:06 [notice] 1#1: start worker process 37
2026/08/20 07:28:06 [notice] 1#1: start worker process 38
2026/08/20 07:28:06 [notice] 1#1: start worker process 39
2026/08/20 07:28:06 [notice] 1#1: start worker process 40
2026/08/20 07:31:47 [notice] 1#1: signal 3 (SIGQUIT) received, shutting down
2026/08/20 07:31:47 [notice] 29#29: gracefully shutting down
2026/08/20 07:31:47 [notice] 30#30: gracefully shutting down
2026/08/20 07:31:47 [notice] 31#31: gracefully shutting down
2026/08/20 07:31:47 [notice] 32#32: gracefully shutting down
2026/08/20 07:31:47 [notice] 32#32: exiting
2026/08/20 07:31:47 [notice] 33#33: gracefully shutting down
2026/08/20 07:31:47 [notice] 35#35: gracefully shutting down
2026/08/20 07:31:47 [notice] 35#35: exiting
2026/08/20 07:31:47 [notice] 36#36: gracefully shutting down
2026/08/20 07:31:47 [notice] 34#34: gracefully shutting down
2026/08/20 07:31:47 [notice] 34#34: exiting
2026/08/20 07:31:47 [notice] 37#37: gracefully shutting down
2026/08/20 07:31:47 [notice] 38#38: gracefully shutting down
2026/08/20 07:31:47 [notice] 39#39: gracefully shutting down
2026/08/20 07:31:47 [notice] 40#40: gracefully shutting down
2026/08/20 07:31:47 [notice] 29#29: exiting
2026/08/20 07:31:47 [notice] 30#30: exiting
2026/08/20 07:31:47 [notice] 31#31: exiting
2026/08/20 07:31:47 [notice] 32#32: exit
2026/08/20 07:31:47 [notice] 33#33: exiting
2026/08/20 07:31:47 [notice] 35#35: exit
2026/08/20 07:31:47 [notice] 36#36: exiting
2026/08/20 07:31:47 [notice] 34#34: exit
2026/08/20 07:31:47 [notice] 37#37: exiting
2026/08/20 07:31:47 [notice] 38#38: exiting
2026/08/20 07:31:47 [notice] 39#39: exiting
2026/08/20 07:31:47 [notice] 40#40: exiting
2026/08/20 07:31:47 [notice] 29#29: exit
2026/08/20 07:31:47 [notice] 30#30: exit
2026/08/20 07:31:47 [notice] 31#31: exit
2026/08/20 07:31:47 [notice] 33#33: exit
2026/08/20 07:31:47 [notice] 36#36: exit
2026/08/20 07:31:47 [notice] 37#37: exit
2026/08/20 07:31:47 [notice] 38#38: exit
2026/08/20 07:31:47 [notice] 39#39: exit
2026/08/20 07:31:47 [notice] 40#40: exit
2026/08/20 07:31:47 [notice] 1#1: signal 17 (SIGCHLD) received from 35
2026/08/20 07:31:47 [notice] 1#1: worker process 35 exited with code 0
2026/08/20 07:31:47 [notice] 1#1: signal 29 (SIGIO) received
2026/08/20 07:31:47 [notice] 1#1: signal 17 (SIGCHLD) received from 34
2026/08/20 07:31:47 [notice] 1#1: worker process 30 exited with code 0
2026/08/20 07:31:47 [notice] 1#1: worker process 34 exited with code 0
2026/08/20 07:31:47 [notice] 1#1: signal 29 (SIGIO) received
2026/08/20 07:31:47 [notice] 1#1: signal 17 (SIGCHLD) received from 32
2026/08/20 07:31:47 [notice] 1#1: worker process 29 exited with code 0
2026/08/20 07:31:47 [notice] 1#1: worker process 32 exited with code 0
2026/08/20 07:31:47 [notice] 1#1: signal 29 (SIGIO) received
2026/08/20 07:31:47 [notice] 1#1: signal 17 (SIGCHLD) received from 29
2026/08/20 07:31:47 [notice] 1#1: signal 17 (SIGCHLD) received from 31
2026/08/20 07:31:47 [notice] 1#1: worker process 31 exited with code 0
2026/08/20 07:31:47 [notice] 1#1: worker process 33 exited with code 0
2026/08/20 07:31:47 [notice] 1#1: worker process 37 exited with code 0
2026/08/20 07:31:47 [notice] 1#1: worker process 39 exited with code 0
2026/08/20 07:31:47 [notice] 1#1: worker process 40 exited with code 0
2026/08/20 07:31:47 [notice] 1#1: signal 29 (SIGIO) received
2026/08/20 07:31:47 [notice] 1#1: signal 17 (SIGCHLD) received from 40
2026/08/20 07:31:47 [notice] 1#1: signal 17 (SIGCHLD) received from 36
2026/08/20 07:31:47 [notice] 1#1: worker process 36 exited with code 0
2026/08/20 07:31:47 [notice] 1#1: signal 29 (SIGIO) received
2026/08/20 07:31:47 [notice] 1#1: signal 17 (SIGCHLD) received from 38
2026/08/20 07:31:47 [notice] 1#1: worker process 38 exited with code 0
2026/08/20 07:31:47 [notice] 1#1: exit
2026/08/20 07:32:10 [notice] 1#1: using the "epoll" event method
2026/08/20 07:32:10 [notice] 1#1: nginx/1.31.3
2026/08/20 07:32:10 [notice] 1#1: built by gcc 15.2.0 (Alpine 15.2.0) 
2026/08/20 07:32:10 [notice] 1#1: OS: Linux 6.18.33.2-microsoft-standard-WSL2
2026/08/20 07:32:10 [notice] 1#1: getrlimit(RLIMIT_NOFILE): 1048576:1048576
2026/08/20 07:32:10 [notice] 1#1: start worker processes
2026/08/20 07:32:10 [notice] 1#1: start worker process 29
2026/08/20 07:32:10 [notice] 1#1: start worker process 30
2026/08/20 07:32:10 [notice] 1#1: start worker process 31
2026/08/20 07:32:10 [notice] 1#1: start worker process 32
2026/08/20 07:32:10 [notice] 1#1: start worker process 33
2026/08/20 07:32:10 [notice] 1#1: start worker process 34
2026/08/20 07:32:10 [notice] 1#1: start worker process 35
2026/08/20 07:32:10 [notice] 1#1: start worker process 36
2026/08/20 07:32:10 [notice] 1#1: start worker process 37
2026/08/20 07:32:10 [notice] 1#1: start worker process 38
2026/08/20 07:32:10 [notice] 1#1: start worker process 39
2026/08/20 07:32:10 [notice] 1#1: start worker process 40
2026/08/20 23:54:04 [notice] 1#1: using the "epoll" event method
2026/08/20 23:54:04 [notice] 1#1: nginx/1.31.3
2026/08/20 23:54:04 [notice] 1#1: built by gcc 15.2.0 (Alpine 15.2.0) 
2026/08/20 23:54:04 [notice] 1#1: OS: Linux 6.18.33.2-microsoft-standard-WSL2
2026/08/20 23:54:04 [notice] 1#1: getrlimit(RLIMIT_NOFILE): 1048576:1048576
2026/08/20 23:54:04 [notice] 1#1: start worker processes
2026/08/20 23:54:04 [notice] 1#1: start worker process 29
2026/08/20 23:54:04 [notice] 1#1: start worker process 30
2026/08/20 23:54:04 [notice] 1#1: start worker process 31
2026/08/20 23:54:04 [notice] 1#1: start worker process 32
2026/08/20 23:54:04 [notice] 1#1: start worker process 33
2026/08/20 23:54:04 [notice] 1#1: start worker process 34
2026/08/20 23:54:04 [notice] 1#1: start worker process 35
2026/08/20 23:54:04 [notice] 1#1: start worker process 36
2026/08/20 23:54:04 [notice] 1#1: start worker process 37
2026/08/20 23:54:04 [notice] 1#1: start worker process 38
2026/08/20 23:54:04 [notice] 1#1: start worker process 39
2026/08/20 23:54:04 [notice] 1#1: start worker process 40
2026/08/21 08:00:29 [error] 38#38: *1137 directory index of "/usr/share/nginx/html/" is forbidden, client: 127.0.0.1, server: localhost, request: "GET / HTTP/1.1", host: "localhost"
2026/08/23 23:59:29 [notice] 1#1: using the "epoll" event method
2026/08/23 23:59:29 [notice] 1#1: nginx/1.31.3
2026/08/23 23:59:29 [notice] 1#1: built by gcc 15.2.0 (Alpine 15.2.0) 
2026/08/23 23:59:29 [notice] 1#1: OS: Linux 6.18.33.2-microsoft-standard-WSL2
2026/08/23 23:59:29 [notice] 1#1: getrlimit(RLIMIT_NOFILE): 1048576:1048576
2026/08/23 23:59:29 [notice] 1#1: start worker processes
2026/08/23 23:59:29 [notice] 1#1: start worker process 29
2026/08/23 23:59:29 [notice] 1#1: start worker process 30
2026/08/23 23:59:29 [notice] 1#1: start worker process 31
2026/08/23 23:59:29 [notice] 1#1: start worker process 32
2026/08/23 23:59:29 [notice] 1#1: start worker process 33
2026/08/23 23:59:29 [notice] 1#1: start worker process 34
2026/08/23 23:59:29 [notice] 1#1: start worker process 35
2026/08/23 23:59:29 [notice] 1#1: start worker process 36
2026/08/23 23:59:29 [notice] 1#1: start worker process 37
2026/08/23 23:59:29 [notice] 1#1: start worker process 38
2026/08/23 23:59:29 [notice] 1#1: start worker process 39
2026/08/23 23:59:29 [notice] 1#1: start worker process 40
2026/08/25 00:05:58 [notice] 1#1: using the "epoll" event method
2026/08/25 00:05:58 [notice] 1#1: nginx/1.31.3
2026/08/25 00:05:58 [notice] 1#1: built by gcc 15.2.0 (Alpine 15.2.0) 
2026/08/25 00:05:58 [notice] 1#1: OS: Linux 6.18.33.2-microsoft-standard-WSL2
2026/08/25 00:05:58 [notice] 1#1: getrlimit(RLIMIT_NOFILE): 1048576:1048576
2026/08/25 00:05:58 [notice] 1#1: start worker processes
2026/08/25 00:05:58 [notice] 1#1: start worker process 29
2026/08/25 00:05:58 [notice] 1#1: start worker process 30
2026/08/25 00:05:58 [notice] 1#1: start worker process 31
2026/08/25 00:05:58 [notice] 1#1: start worker process 32
2026/08/25 00:05:58 [notice] 1#1: start worker process 33
2026/08/25 00:05:58 [notice] 1#1: start worker process 34
2026/08/25 00:05:58 [notice] 1#1: start worker process 35
2026/08/25 00:05:58 [notice] 1#1: start worker process 36
2026/08/25 00:05:58 [notice] 1#1: start worker process 37
2026/08/25 00:05:58 [notice] 1#1: start worker process 38
2026/08/25 00:05:58 [notice] 1#1: start worker process 39
2026/08/25 00:05:58 [notice] 1#1: start worker process 40
